cidade,cod_municipal,veiculos_mapeados,vei100milh,regiao_metropolitana,uf,estado,regiao,pais,POP,RDPC,I_ESCOLARIDADE,IDHM,IDHM_E,IDHM_L,IDHM_R
FLORIANÓPOLIS,420540,70.0,16.763295089073,n/d,SC,Santa Catarina,Sul,Brasil,417579.0,1798.12,0.8,0.847,0.8,0.873,0.87
BALNEÁRIO CAMBORIÚ,420200,14.0,13.0659175540602,n/d,SC,Santa Catarina,Sul,Brasil,107149.0,1625.59,0.763,0.845,0.789,0.894,0.854
BARRETOS,350550,14.0,12.5444656505649,n/d,SP,São Paulo,Sudeste,Brasil,111603.0,917.0,0.628,0.789,0.738,0.875,0.762
PALMAS,172100,27.0,11.9770041520281,n/d,TO,Tocantins,Norte,Brasil,225432.0,1087.35,0.746,0.788,0.749,0.827,0.789
CRICIÚMA,420460,20.0,10.49675912562,n/d,SC,Santa Catarina,Sul,Brasil,190535.0,1062.53,0.639,0.788,0.737,0.846,0.786
CHAPECÓ,420420,19.0,10.4565091769627,n/d,SC,Santa Catarina,Sul,Brasil,181705.0,1017.34,0.63,0.79,0.727,0.871,0.779
SÃO CAETANO DO SUL,354880,14.0,9.44701238233409,RM São Paulo,SP,São Paulo,Sudeste,Brasil,148195.0,2043.74,0.762,0.862,0.811,0.887,0.891
CACHOEIRINHA,430310,11.0,9.3227449551237,RM Porto Alegre,RS,Rio Grande do Sul,Sul,Brasil,117991.0,844.04,0.66,0.757,0.675,0.857,0.749
ARARUAMA,330020,10.0,8.97682184599364,n/d,RJ,Rio de Janeiro,Sudeste,Brasil,111398.0,680.88,0.556,0.718,0.617,0.839,0.714
PORTO ALEGRE,431490,119.0,8.53493225845783,RM Porto Alegre,RS,Rio Grande do Sul,Sul,Brasil,1394270.0,1758.27,0.748,0.805,0.702,0.857,0.867
JARAGUÁ DO SUL,420890,12.0,8.43964947322521,n/d,SC,Santa Catarina,Sul,Brasil,142186.0,1111.85,0.687,0.803,0.755,0.865,0.793
ITAJAÍ,420820,15.0,8.21301269731763,n/d,SC,Santa Catarina,Sul,Brasil,182637.0,1014.0,0.646,0.795,0.73,0.884,0.778
PORTO VELHO,110020,34.0,8.04628983209286,n/d,RO,Rondônia,Norte,Brasil,422555.0,929.19,0.619,0.736,0.638,0.819,0.764
OURINHOS,353470,8.0,7.78952698097408,n/d,SP,São Paulo,Sudeste,Brasil,102702.0,868.91,0.601,0.778,0.727,0.859,0.753
BRASÍLIA,530010,197.0,7.7443134331996,RIDE DF,DF,Distrito Federal,Centro-Oeste,Brasil,2543802.0,1715.11,0.723,0.824,0.742,0.873,0.863
CUIABÁ,510340,42.0,7.67407824270917,n/d,MT,Mato Grosso,Centro-Oeste,Brasil,547297.0,1161.49,0.702,0.785,0.726,0.834,0.8
SANTOS,354850,30.0,7.20196469596906,n/d,SP,São Paulo,Sudeste,Brasil,416553.0,1693.65,0.758,0.84,0.807,0.852,0.861
VITÓRIA,320530,23.0,7.0682454463597,n/d,ES,Espírito Santo,Sudeste,Brasil,325399.0,1866.58,0.789,0.845,0.805,0.855,0.876
CORUMBÁ,500320,7.0,6.82287808491559,n/d,MS,Mato Grosso do Sul,Centro-Oeste,Brasil,102596.0,627.1,0.546,0.7,0.586,0.834,0.701
BRUSQUE,420290,7.0,6.67384899939935,n/d,SC,Santa Catarina,Sul,Brasil,104887.0,1116.93,0.591,0.795,0.707,0.894,0.794
BARUERI,350570,16.0,6.66513923892441,RM São Paulo,SP,São Paulo,Sudeste,Brasil,240055.0,1095.84,0.631,0.786,0.708,0.866,0.791
POÁ,353980,7.0,6.62145161137755,RM São Paulo,SP,São Paulo,Sudeste,Brasil,105717.0,664.31,0.677,0.771,0.754,0.856,0.71
PALHOÇA,421190,9.0,6.58380822098187,n/d,SC,Santa Catarina,Sul,Brasil,136699.0,862.74,0.609,0.757,0.672,0.859,0.752
BENTO GONÇALVES,430210,7.0,6.56254101588135,n/d,RS,Rio Grande do Sul,Sul,Brasil,106666.0,1196.56,0.614,0.778,0.695,0.842,0.805
RIO CLARO,354390,12.0,6.48046140885231,n/d,SP,São Paulo,Sudeste,Brasil,185172.0,1049.16,0.671,0.803,0.766,0.862,0.784
GUARATINGUETÁ,351840,7.0,6.27577550654474,n/d,SP,São Paulo,Sudeste,Brasil,111540.0,926.78,0.673,0.798,0.751,0.886,0.764
CAMPO LARGO,410420,7.0,6.25966895293623,RM Curitiba,PR,Paraná,Sul,Brasil,111827.0,749.21,0.528,0.745,0.664,0.854,0.73
SÃO PAULO,355030,698.0,6.24742170785714,RM São Paulo,SP,São Paulo,Sudeste,Brasil,11172609.0,1516.21,0.677,0.805,0.725,0.855,0.843
DOURADOS,500370,12.0,6.18288988273119,n/d,MS,Mato Grosso do Sul,Centro-Oeste,Brasil,194084.0,866.4,0.587,0.747,0.657,0.843,0.753
TRÊS LAGOAS,500830,6.0,5.93055322177304,n/d,MS,Mato Grosso do Sul,Centro-Oeste,Brasil,101171.0,863.66,0.579,0.744,0.645,0.849,0.752
TEIXEIRA DE FREITAS,293135,8.0,5.85411544315654,n/d,BA,Bahia,Nordeste,Brasil,136656.0,560.73,0.503,0.685,0.588,0.8,0.683
APUCARANA,410140,7.0,5.80980362863735,n/d,PR,Paraná,Sul,Brasil,120486.0,804.81,0.548,0.748,0.668,0.845,0.741
LAGES,420930,9.0,5.76531331274903,n/d,SC,Santa Catarina,Sul,Brasil,156106.0,878.34,0.608,0.77,0.697,0.867,0.755
SANTANA DE PARNAÍBA,354730,6.0,5.54282758111004,RM São Paulo,SP,São Paulo,Sudeste,Brasil,108248.0,1858.69,0.657,0.814,0.725,0.849,0.876
INDAIATUBA,352050,11.0,5.47239178345248,n/d,SP,São Paulo,Sudeste,Brasil,201009.0,1098.31,0.657,0.788,0.738,0.837,0.791
MOGI DAS CRUZES,353060,21.0,5.43652724994563,RM São Paulo,SP,São Paulo,Sudeste,Brasil,386276.0,916.81,0.662,0.783,0.74,0.851,0.762
ARARAQUARA,350320,11.0,5.32311295645694,n/d,SP,São Paulo,Sudeste,Brasil,206646.0,1080.66,0.687,0.815,0.782,0.877,0.788
ITU,352390,8.0,5.21818537603548,n/d,SP,São Paulo,Sudeste,Brasil,153310.0,1038.14,0.621,0.773,0.692,0.854,0.782
BAGÉ,430160,6.0,5.16760257691115,n/d,RS,Rio Grande do Sul,Sul,Brasil,116108.0,795.56,0.585,0.74,0.647,0.848,0.739
SANTA CRUZ DO SUL,431680,6.0,5.12080840495353,n/d,RS,Rio Grande do Sul,Sul,Brasil,117169.0,1036.87,0.619,0.773,0.693,0.852,0.782
MOGI GUAÇU,353070,7.0,5.11617368678785,n/d,SP,São Paulo,Sudeste,Brasil,136821.0,802.19,0.598,0.774,0.736,0.852,0.74
CUBATÃO,351350,6.0,5.08457340429138,n/d,SP,São Paulo,Sudeste,Brasil,118004.0,689.21,0.593,0.737,0.681,0.821,0.716
GOIÂNIA,520870,65.0,5.01094312887914,n/d,GO,Goiás,Centro-Oeste,Brasil,1297161.0,1348.55,0.714,0.799,0.739,0.838,0.824
CABO FRIO,330070,9.0,4.85696245568022,n/d,RJ,Rio de Janeiro,Sudeste,Brasil,185301.0,815.75,0.606,0.735,0.64,0.836,0.743
GUARAPUAVA,410940,8.0,4.8236648999994,n/d,PR,Paraná,Sul,Brasil,165849.0,750.09,0.519,0.731,0.628,0.853,0.73
RIO BRANCO,120040,16.0,4.80405462210105,n/d,AC,Acre,Norte,Brasil,333052.0,744.67,0.607,0.727,0.661,0.798,0.729
GUARAPARI,320240,5.0,4.77755694847883,n/d,ES,Espírito Santo,Sudeste,Brasil,104656.0,830.51,0.564,0.731,0.626,0.837,0.746
BOTUCATU,350750,6.0,4.73137612074472,n/d,SP,São Paulo,Sudeste,Brasil,126813.0,1089.1,0.653,0.8,0.746,0.869,0.79
MARICÁ,330270,6.0,4.71594303140818,RM Rio de Janeiro,RJ,Rio de Janeiro,Sudeste,Brasil,127228.0,910.41,0.655,0.765,0.692,0.85,0.761
MARÍLIA,352900,10.0,4.67291903233193,n/d,SP,São Paulo,Sudeste,Brasil,213999.0,953.2,0.673,0.798,0.776,0.854,0.768
CASCAVEL,410480,13.0,4.61365927061596,n/d,PR,Paraná,Sul,Brasil,281772.0,1003.38,0.63,0.782,0.728,0.846,0.776
JAÚ,352530,6.0,4.60617227084293,n/d,SP,São Paulo,Sudeste,Brasil,130260.0,951.17,0.572,0.778,0.693,0.886,0.768
RIO VERDE,521880,8.0,4.55907997766051,n/d,GO,Goiás,Centro-Oeste,Brasil,175474.0,936.75,0.556,0.754,0.656,0.853,0.765
SINOP,510790,5.0,4.45934857835967,n/d,MT,Mato Grosso,Centro-Oeste,Brasil,112124.0,877.68,0.571,0.754,0.682,0.832,0.755
CURITIBA,410690,77.0,4.42287765056739,RM Curitiba,PR,Paraná,Sul,Brasil,1740948.0,1581.04,0.74,0.823,0.768,0.855,0.85
BAURU,350600,15.0,4.41927747759426,n/d,SP,São Paulo,Sudeste,Brasil,339422.0,1163.86,0.672,0.801,0.752,0.854,0.8
PASSO FUNDO,431410,8.0,4.36188367946698,n/d,RS,Rio Grande do Sul,Sul,Brasil,183407.0,1068.95,0.663,0.776,0.699,0.849,0.787
SÃO JOSÉ,421660,9.0,4.31296813674984,n/d,SC,Santa Catarina,Sul,Brasil,208673.0,1157.43,0.728,0.809,0.752,0.88,0.799
CAMPO GRANDE,500270,33.0,4.24209780734963,n/d,MS,Mato Grosso do Sul,Centro-Oeste,Brasil,777917.0,1089.37,0.667,0.784,0.724,0.844,0.79
SÃO LEOPOLDO,431870,9.0,4.22216071420194,RM Porto Alegre,RS,Rio Grande do Sul,Sul,Brasil,213161.0,939.93,0.599,0.739,0.612,0.861,0.766
VIAMÃO,432300,10.0,4.2073552985329,RM Porto Alegre,RS,Rio Grande do Sul,Sul,Brasil,237679.0,707.05,0.576,0.717,0.591,0.866,0.72
NOVO HAMBURGO,431340,10.0,4.20272252365082,RM Porto Alegre,RS,Rio Grande do Sul,Sul,Brasil,237941.0,1011.62,0.552,0.747,0.629,0.852,0.778
RESENDE,330420,5.0,4.18637752752543,n/d,RJ,Rio de Janeiro,Sudeste,Brasil,119435.0,915.21,0.664,0.768,0.709,0.839,0.762
RONDONÓPOLIS,510760,8.0,4.13575619717218,n/d,MT,Mato Grosso,Centro-Oeste,Brasil,193435.0,843.62,0.598,0.755,0.698,0.823,0.749
BRAGANÇA PAULISTA,350760,6.0,4.12634880026409,n/d,SP,São Paulo,Sudeste,Brasil,145407.0,974.08,0.623,0.776,0.704,0.861,0.772
ALVORADA,430060,8.0,4.1030480518215,RM Porto Alegre,RS,Rio Grande do Sul,Sul,Brasil,194977.0,600.48,0.563,0.699,0.564,0.874,0.694
URUGUAIANA,432240,5.0,4.02307636603558,n/d,RS,Rio Grande do Sul,Sul,Brasil,124283.0,714.26,0.606,0.744,0.661,0.863,0.722
COTIA,351300,8.0,4.01129178637866,RM São Paulo,SP,São Paulo,Sudeste,Brasil,199437.0,1085.66,0.639,0.78,0.707,0.851,0.789
ATIBAIA,350410,5.0,3.98403199974502,n/d,SP,São Paulo,Sudeste,Brasil,125501.0,1063.52,0.58,0.765,0.67,0.851,0.786
NITERÓI,330330,19.0,3.93415467439694,RM Rio de Janeiro,RJ,Rio de Janeiro,Sudeste,Brasil,482950.0,2000.29,0.794,0.837,0.773,0.854,0.887
FOZ DO IGUAÇU,410830,10.0,3.93273450895877,n/d,PR,Paraná,Sul,Brasil,254276.0,842.26,0.591,0.751,0.661,0.858,0.748
BLUMENAU,420240,12.0,3.91653856321783,n/d,SC,Santa Catarina,Sul,Brasil,306393.0,1253.17,0.659,0.806,0.722,0.894,0.812
RIO DAS OSTRAS,330452,4.0,3.81130241731856,n/d,RJ,Rio de Janeiro,Sudeste,Brasil,104951.0,1051.19,0.665,0.773,0.689,0.854,0.784
SALTO,354520,4.0,3.80235365691363,n/d,SP,São Paulo,Sudeste,Brasil,105198.0,876.67,0.632,0.78,0.751,0.837,0.755
VALINHOS,355620,4.0,3.75900987679845,n/d,SP,São Paulo,Sudeste,Brasil,106411.0,1570.91,0.673,0.819,0.763,0.85,0.848
TATUÍ,355400,4.0,3.74139479197845,n/d,SP,São Paulo,Sudeste,Brasil,106912.0,771.05,0.57,0.752,0.688,0.842,0.734
CANOAS,430460,12.0,3.71575697710784,RM Porto Alegre,RS,Rio Grande do Sul,Sul,Brasil,322949.0,952.13,0.646,0.75,0.636,0.864,0.768
CACHOEIRO DE ITAPEMIRIM,320120,7.0,3.70782350760104,n/d,ES,Espírito Santo,Sudeste,Brasil,188790.0,763.71,0.561,0.746,0.677,0.837,0.733
TERESÓPOLIS,330580,6.0,3.68163661019445,n/d,RJ,Rio de Janeiro,Sudeste,Brasil,162971.0,859.79,0.531,0.73,0.605,0.855,0.752
ITAGUAÍ,330200,4.0,3.67640300729766,RM Rio de Janeiro,RJ,Rio de Janeiro,Sudeste,Brasil,108802.0,635.5,0.575,0.715,0.638,0.814,0.703
RIBEIRÃO PRETO,354340,22.0,3.6726285670405,n/d,SP,São Paulo,Sudeste,Brasil,599026.0,1314.04,0.683,0.8,0.739,0.844,0.82
MARINGÁ,411520,13.0,3.66701268222232,n/d,PR,Paraná,Sul,Brasil,354512.0,1202.63,0.691,0.808,0.768,0.852,0.806
SÃO CARLOS,354890,8.0,3.62538859634017,n/d,SP,São Paulo,Sudeste,Brasil,220666.0,1079.45,0.693,0.805,0.766,0.863,0.788
COLATINA,320150,4.0,3.61027122162552,n/d,ES,Espírito Santo,Sudeste,Brasil,110795.0,788.29,0.528,0.746,0.668,0.841,0.738
RIO GRANDE,431560,7.0,3.58089235837571,n/d,RS,Rio Grande do Sul,Sul,Brasil,195482.0,859.2,0.584,0.744,0.637,0.861,0.752
CATANDUVA,351110,4.0,3.56474467516264,n/d,SP,São Paulo,Sudeste,Brasil,112210.0,945.05,0.611,0.785,0.74,0.853,0.767
ITAPETININGA,352230,5.0,3.55666839757862,n/d,SP,São Paulo,Sudeste,Brasil,140581.0,741.64,0.598,0.763,0.705,0.864,0.728
PONTA GROSSA,411990,11.0,3.55056324844259,n/d,PR,Paraná,Sul,Brasil,309810.0,877.1,0.614,0.763,0.703,0.837,0.755
RIBEIRÃO PIRES,354330,4.0,3.54688539126579,RM São Paulo,SP,São Paulo,Sudeste,Brasil,112775.0,847.11,0.684,0.784,0.76,0.847,0.749
JOÃO PESSOA,250750,25.0,3.50488581082028,n/d,PB,Paraíba,Nordeste,Brasil,713290.0,964.82,0.663,0.763,0.693,0.832,0.77
RIO DE JANEIRO,330455,217.0,3.46346491414278,RM Rio de Janeiro,RJ,Rio de Janeiro,Sudeste,Brasil,6265402.0,1492.63,0.722,0.799,0.719,0.845,0.84
ITABUNA,291480,7.0,3.44520402990437,n/d,BA,Bahia,Nordeste,Brasil,203181.0,605.12,0.576,0.712,0.643,0.807,0.695
PINHAIS,411915,4.0,3.44373369607328,RM Curitiba,PR,Paraná,Sul,Brasil,116153.0,911.51,0.604,0.751,0.666,0.836,0.761
PINDAMONHANGABA,353800,5.0,3.41548718509208,n/d,SP,São Paulo,Sudeste,Brasil,146392.0,826.02,0.663,0.773,0.736,0.843,0.745
PRESIDENTE PRUDENTE,354140,7.0,3.40536490917405,n/d,SP,São Paulo,Sudeste,Brasil,205558.0,1080.22,0.674,0.806,0.774,0.858,0.788
TOLEDO,412770,4.0,3.36394523497157,n/d,PR,Paraná,Sul,Brasil,118908.0,876.72,0.586,0.768,0.702,0.855,0.755
JEQUIÉ,291800,5.0,3.32056024492452,n/d,BA,Bahia,Nordeste,Brasil,150577.0,473.92,0.49,0.665,0.568,0.79,0.656
APARECIDA DE GOIÂNIA,520140,15.0,3.31661024744124,n/d,GO,Goiás,Centro-Oeste,Brasil,452269.0,689.3,0.57,0.718,0.62,0.834,0.716
PIRACICABA,353870,12.0,3.30568495169568,n/d,SP,São Paulo,Sudeste,Brasil,363011.0,1143.2,0.64,0.785,0.717,0.848,0.797
TABOÃO DA SERRA,355280,8.0,3.27891697372358,RM São Paulo,SP,São Paulo,Sudeste,Brasil,243983.0,812.19,0.653,0.769,0.71,0.863,0.742
PARAUAPEBAS,150553,5.0,3.25853900145331,n/d,PA,Pará,Norte,Brasil,153443.0,627.61,0.603,0.715,0.644,0.809,0.701
TAUBATÉ,355410,9.0,3.25833137230056,n/d,SP,São Paulo,Sudeste,Brasil,276215.0,1011.95,0.682,0.8,0.746,0.883,0.778
ARACAJU,280030,18.0,3.18429646507711,n/d,SE,Sergipe,Nordeste,Brasil,565274.0,1052.03,0.695,0.77,0.708,0.823,0.784
GARANHUNS,260600,4.0,3.10592766294473,n/d,PE,Pernambuco,Nordeste,Brasil,128786.0,492.44,0.466,0.664,0.556,0.795,0.662
SANTA MARIA,431690,8.0,3.09277951961402,n/d,RS,Rio Grande do Sul,Sul,Brasil,258667.0,1127.25,0.683,0.784,0.715,0.848,0.795
CAXIAS DO SUL,430510,13.0,3.00020309067075,n/d,RS,Rio Grande do Sul,Sul,Brasil,433304.0,1253.93,0.668,0.782,0.686,0.86,0.812
ITATIBA,352340,3.0,2.96965017520936,n/d,SP,São Paulo,Sudeste,Brasil,101022.0,1080.74,0.599,0.778,0.708,0.844,0.788
SANTO ANDRÉ,354780,20.0,2.96319123843615,RM São Paulo,SP,São Paulo,Sudeste,Brasil,674948.0,1304.31,0.707,0.815,0.769,0.861,0.819
ANGRA DOS REIS,330010,5.0,2.96183965784828,n/d,RJ,Rio de Janeiro,Sudeste,Brasil,168814.0,798.68,0.554,0.724,0.605,0.846,0.74
JOINVILLE,420910,15.0,2.92736619009145,n/d,SC,Santa Catarina,Sul,Brasil,512406.0,1126.74,0.709,0.809,0.749,0.889,0.795
BARREIRAS,290320,4.0,2.92675788395405,n/d,BA,Bahia,Nordeste,Brasil,136670.0,602.82,0.596,0.721,0.668,0.807,0.695
ALMIRANTE TAMANDARÉ,410040,3.0,2.91239515377446,RM Curitiba,PR,Paraná,Sul,Brasil,103008.0,646.02,0.496,0.699,0.575,0.84,0.706
BARRA MANSA,330040,5.0,2.81966547488806,n/d,RJ,Rio de Janeiro,Sudeste,Brasil,177326.0,705.1,0.582,0.729,0.657,0.819,0.72
CAMPINAS,350950,30.0,2.79855184270646,n/d,SP,São Paulo,Sudeste,Brasil,1071983.0,1390.83,0.677,0.805,0.731,0.86,0.829
JANDIRA,352500,3.0,2.77282264102114,RM São Paulo,SP,São Paulo,Sudeste,Brasil,108193.0,792.33,0.609,0.76,0.706,0.841,0.738
SÃO MATEUS,320490,3.0,2.77205399961191,n/d,ES,Espírito Santo,Sudeste,Brasil,108223.0,699.99,0.557,0.735,0.655,0.843,0.719
ARAÇATUBA,350280,5.0,2.76951539019702,n/d,SP,São Paulo,Sudeste,Brasil,180537.0,1036.09,0.643,0.788,0.744,0.841,0.782
SÃO BERNARDO DO CAMPO,354870,21.0,2.75828371706314,RM São Paulo,SP,São Paulo,Sudeste,Brasil,761343.0,1212.65,0.702,0.805,0.752,0.861,0.807
VOLTA REDONDA,330630,7.0,2.72250657290873,n/d,RJ,Rio de Janeiro,Sudeste,Brasil,257116.0,920.51,0.672,0.771,0.72,0.833,0.763
JUNDIAÍ,352590,10.0,2.71166585768635,n/d,SP,São Paulo,Sudeste,Brasil,368777.0,1431.55,0.674,0.822,0.768,0.866,0.834
MOSSORÓ,240800,7.0,2.70834945446104,n/d,RN,Rio Grande do Norte,Nordeste,Brasil,258460.0,600.28,0.565,0.72,0.663,0.811,0.694
ANÁPOLIS,520110,9.0,2.70215902506102,n/d,GO,Goiás,Centro-Oeste,Brasil,333067.0,785.17,0.609,0.737,0.66,0.822,0.737
SÃO JOSÉ DOS PINHAIS,412550,7.0,2.65963509806455,RM Curitiba,PR,Paraná,Sul,Brasil,263194.0,846.93,0.617,0.758,0.678,0.859,0.749
TERESINA,221100,21.0,2.60491609689296,n/d,PI,Piauí,Nordeste,Brasil,806168.0,757.57,0.642,0.751,0.707,0.82,0.731
LONDRINA,411370,13.0,2.58168039591062,n/d,PR,Paraná,Sul,Brasil,503548.0,1083.35,0.649,0.778,0.712,0.837,0.789
ARARAS,350330,3.0,2.54617055947854,n/d,SP,São Paulo,Sudeste,Brasil,117824.0,921.76,0.617,0.781,0.728,0.859,0.763
SÃO JOSÉ DO RIO PRETO,354980,10.0,2.46705251367981,n/d,SP,São Paulo,Sudeste,Brasil,405342.0,1169.16,0.661,0.797,0.748,0.846,0.801
PELOTAS,431440,8.0,2.44910454615031,n/d,RS,Rio Grande do Sul,Sul,Brasil,326650.0,894.35,0.58,0.739,0.632,0.844,0.758
MACAÉ,330240,5.0,2.42712555520497,n/d,RJ,Rio de Janeiro,Sudeste,Brasil,206005.0,1103.42,0.678,0.764,0.681,0.828,0.792
JUAZEIRO DO NORTE,230730,6.0,2.41719106283891,n/d,CE,Ceará,Nordeste,Brasil,248222.0,439.53,0.528,0.694,0.642,0.81,0.644
PORTO SEGURO,292530,3.0,2.38257858538367,n/d,BA,Bahia,Nordeste,Brasil,125914.0,527.04,0.499,0.676,0.572,0.801,0.673
VÁRZEA GRANDE,510840,6.0,2.38241775695368,n/d,MT,Mato Grosso,Centro-Oeste,Brasil,251845.0,668.86,0.604,0.734,0.661,0.842,0.711
PETRÓPOLIS,330390,7.0,2.37831520151125,n/d,RJ,Rio de Janeiro,Sudeste,Brasil,294326.0,922.49,0.566,0.745,0.639,0.847,0.763
JACAREÍ,352440,5.0,2.37228788187904,n/d,SP,São Paulo,Sudeste,Brasil,210767.0,846.53,0.66,0.777,0.749,0.837,0.749
GRAVATAÍ,430920,6.0,2.35302422438439,RM Porto Alegre,RS,Rio Grande do Sul,Sul,Brasil,254991.0,737.29,0.611,0.736,0.636,0.862,0.727
SAPUCAIA DO SUL,432000,3.0,2.29717829932233,RM Porto Alegre,RS,Rio Grande do Sul,Sul,Brasil,130595.0,733.28,0.589,0.726,0.624,0.844,0.726
SUZANO,355250,6.0,2.29571046499615,RM São Paulo,SP,São Paulo,Sudeste,Brasil,261357.0,654.61,0.62,0.765,0.723,0.873,0.708
VALPARAÍSO DE GOIÁS,522185,3.0,2.26065332881203,RIDE DF,GO,Goiás,Centro-Oeste,Brasil,132705.0,764.73,0.663,0.746,0.695,0.815,0.733
OSASCO,353440,15.0,2.25483549471842,RM São Paulo,SP,São Paulo,Sudeste,Brasil,665237.0,1003.4,0.648,0.776,0.718,0.84,0.776
NOVA FRIBURGO,330340,4.0,2.20807825429333,n/d,RJ,Rio de Janeiro,Sudeste,Brasil,181153.0,894.75,0.55,0.745,0.645,0.846,0.758
LINHARES,320320,3.0,2.14556975604872,n/d,ES,Espírito Santo,Sudeste,Brasil,139823.0,711.38,0.531,0.724,0.63,0.834,0.721
PARANAGUÁ,411820,3.0,2.14448082119319,n/d,PR,Paraná,Sul,Brasil,139894.0,765.85,0.592,0.75,0.676,0.852,0.733
BOA VISTA,140010,6.0,2.13115103467383,n/d,RR,Roraima,Norte,Brasil,281538.0,786.55,0.687,0.752,0.708,0.816,0.737
NATAL,240810,17.0,2.13036318932914,n/d,RN,Rio Grande do Norte,Nordeste,Brasil,797986.0,950.34,0.659,0.763,0.694,0.835,0.768
ALAGOINHAS,290070,3.0,2.12296195652174,n/d,BA,Bahia,Nordeste,Brasil,141312.0,553.17,0.575,0.683,0.592,0.79,0.681
SÃO LUÍS,211130,21.0,2.0893422651057,n/d,MA,Maranhão,Nordeste,Brasil,1005101.0,805.36,0.735,0.768,0.752,0.813,0.741
GUARUJÁ,351870,6.0,2.06857320163417,n/d,SP,São Paulo,Sudeste,Brasil,290055.0,745.0,0.594,0.751,0.679,0.854,0.729
JUAZEIRO,291840,4.0,2.03013738954784,n/d,BA,Bahia,Nordeste,Brasil,197031.0,476.58,0.511,0.677,0.594,0.796,0.657
ARAPONGAS,410150,2.0,1.92392789118264,n/d,PR,Paraná,Sul,Brasil,103954.0,855.02,0.567,0.748,0.669,0.834,0.751
AMERICANA,350160,4.0,1.90647773472316,n/d,SP,São Paulo,Sudeste,Brasil,209811.0,1161.68,0.651,0.811,0.76,0.876,0.8
CARAPICUÍBA,351060,7.0,1.89748691411703,RM São Paulo,SP,São Paulo,Sudeste,Brasil,368909.0,712.78,0.6,0.749,0.693,0.842,0.721
FRANCA,351620,6.0,1.88941862588881,n/d,SP,São Paulo,Sudeste,Brasil,317558.0,846.57,0.631,0.78,0.753,0.842,0.749
VÁRZEA PAULISTA,355650,2.0,1.87209824771604,n/d,SP,São Paulo,Sudeste,Brasil,106832.0,706.02,0.572,0.759,0.705,0.863,0.72
PAULO AFONSO,292400,2.0,1.85946187173432,n/d,BA,Bahia,Nordeste,Brasil,107558.0,544.73,0.486,0.674,0.572,0.789,0.678
MESQUITA,330285,3.0,1.78323050037448,RM Rio de Janeiro,RJ,Rio de Janeiro,Sudeste,Brasil,168234.0,640.37,0.662,0.737,0.678,0.839,0.704
MACAPÁ,160030,7.0,1.77006814762368,n/d,AP,Amapá,Norte,Brasil,395465.0,717.88,0.679,0.733,0.663,0.82,0.723
MAGÉ,330250,4.0,1.76815117692563,RM Rio de Janeiro,RJ,Rio de Janeiro,Sudeste,Brasil,226225.0,567.59,0.545,0.709,0.626,0.832,0.685
DUQUE DE CAXIAS,330170,15.0,1.75696078580657,RM Rio de Janeiro,RJ,Rio de Janeiro,Sudeste,Brasil,853747.0,592.81,0.584,0.711,0.624,0.833,0.692
SÃO JOSÉ DOS CAMPOS,354990,11.0,1.7524099619727,n/d,SP,São Paulo,Sudeste,Brasil,627707.0,1190.96,0.703,0.807,0.764,0.855,0.804
LUZIÂNIA,521250,3.0,1.72936578392151,RIDE DF,GO,Goiás,Centro-Oeste,Brasil,173474.0,580.88,0.51,0.701,0.602,0.831,0.689
SOROCABA,355220,10.0,1.71919672252337,n/d,SP,São Paulo,Sudeste,Brasil,581667.0,1107.19,0.677,0.798,0.762,0.843,0.792
SANTARÉM,150680,5.0,1.70611197554118,n/d,PA,Pará,Norte,Brasil,293064.0,409.07,0.569,0.691,0.648,0.807,0.632
ARAUCÁRIA,410180,2.0,1.68000873604543,RM Curitiba,PR,Paraná,Sul,Brasil,119047.0,814.39,0.569,0.74,0.639,0.852,0.743
FEIRA DE SANTANA,291080,9.0,1.62824903526245,n/d,BA,Bahia,Nordeste,Brasil,552741.0,662.24,0.576,0.712,0.619,0.82,0.71
MACEIÓ,270430,15.0,1.62230386616642,n/d,AL,Alagoas,Nordeste,Brasil,924611.0,792.54,0.591,0.721,0.635,0.799,0.739
FRANCO DA ROCHA,351640,2.0,1.62039100034838,RM São Paulo,SP,São Paulo,Sudeste,Brasil,123427.0,632.42,0.527,0.731,0.654,0.852,0.702
MANAUS,130260,29.0,1.61700148819896,n/d,AM,Amazonas,Norte,Brasil,1793443.0,790.27,0.679,0.737,0.658,0.826,0.738
ITAPEVI,352250,3.0,1.4955880153547,RM São Paulo,SP,São Paulo,Sudeste,Brasil,200590.0,575.72,0.554,0.735,0.677,0.855,0.687
LIMEIRA,352690,4.0,1.45437621804008,n/d,SP,São Paulo,Sudeste,Brasil,275032.0,910.85,0.61,0.775,0.719,0.852,0.761
QUEIMADOS,330414,2.0,1.4523062623446,RM Rio de Janeiro,RJ,Rio de Janeiro,Sudeste,Brasil,137712.0,484.4,0.536,0.68,0.589,0.81,0.659
ARAPIRACA,270030,3.0,1.40928436539925,n/d,AL,Alagoas,Nordeste,Brasil,212874.0,423.28,0.42,0.649,0.549,0.78,0.638
GUARULHOS,351880,17.0,1.40091570442986,RM São Paulo,SP,São Paulo,Sudeste,Brasil,1213492.0,829.91,0.639,0.763,0.717,0.831,0.746
BELÉM,150140,19.0,1.3716500155574,RM Belém,PA,Pará,Norte,Brasil,1385193.0,853.82,0.692,0.746,0.673,0.822,0.751
VITÓRIA DA CONQUISTA,293330,4.0,1.31320194747849,n/d,BA,Bahia,Nordeste,Brasil,304599.0,555.66,0.493,0.678,0.581,0.788,0.681
RECIFE,261160,20.0,1.31206648503293,RM Recife,PE,Pernambuco,Nordeste,Brasil,1524313.0,1144.26,0.664,0.772,0.698,0.825,0.798
FRANCISCO MORATO,351630,2.0,1.29820393485613,RM São Paulo,SP,São Paulo,Sudeste,Brasil,154059.0,483.98,0.508,0.703,0.647,0.815,0.659
MARABÁ,150420,3.0,1.29293625824247,n/d,PA,Pará,Norte,Brasil,232030.0,527.86,0.508,0.668,0.564,0.785,0.673
ÁGUAS LINDAS DE GOIÁS,520025,2.0,1.26176596764832,RIDE DF,GO,Goiás,Centro-Oeste,Brasil,158508.0,449.38,0.488,0.686,0.588,0.848,0.647
CAMAÇARI,290570,3.0,1.23959258723633,RM Salvador,BA,Bahia,Nordeste,Brasil,242015.0,553.18,0.578,0.694,0.616,0.798,0.681
FERRAZ DE VASCONCELOS,351570,2.0,1.19032031519682,RM São Paulo,SP,São Paulo,Sudeste,Brasil,168022.0,587.83,0.585,0.738,0.703,0.828,0.691
CASTANHAL,150240,2.0,1.16100194467826,RM Belém,PA,Pará,Norte,Brasil,172265.0,467.32,0.536,0.673,0.582,0.8,0.654
PRAIA GRANDE,354100,3.0,1.14756105024787,n/d,SP,São Paulo,Sudeste,Brasil,261424.0,820.97,0.633,0.754,0.692,0.834,0.744
SALVADOR,292740,29.0,1.09407828243291,RM Salvador,BA,Bahia,Nordeste,Brasil,2650633.0,973.0,0.697,0.759,0.679,0.835,0.772
ILHÉUS,291360,2.0,1.09179841034151,n/d,BA,Bahia,Nordeste,Brasil,183184.0,579.46,0.528,0.69,0.59,0.808,0.688
CAMPOS DOS GOYTACAZES,330100,5.0,1.08555945392017,n/d,RJ,Rio de Janeiro,Sudeste,Brasil,460592.0,682.59,0.555,0.716,0.619,0.83,0.715
DIADEMA,351380,4.0,1.03768616738397,RM São Paulo,SP,São Paulo,Sudeste,Brasil,385473.0,694.55,0.627,0.757,0.716,0.844,0.717
PARNAMIRIM,240325,2.0,0.995490428359531,n/d,RN,Rio Grande do Norte,Nordeste,Brasil,200906.0,850.44,0.682,0.766,0.726,0.825,0.75
TRINDADE,522140,1.0,0.965167118686601,n/d,GO,Goiás,Centro-Oeste,Brasil,103609.0,558.61,0.507,0.699,0.608,0.822,0.682
AÇAILÂNDIA,210005,1.0,0.963836841699437,n/d,MA,Maranhão,Nordeste,Brasil,103752.0,438.56,0.464,0.672,0.602,0.785,0.643
MAUÁ,352940,4.0,0.96382058479814,RM São Paulo,SP,São Paulo,Sudeste,Brasil,415015.0,709.25,0.641,0.766,0.733,0.852,0.721
COLOMBO,410580,2.0,0.941535361714348,RM Curitiba,PR,Paraná,Sul,Brasil,212419.0,682.85,0.526,0.733,0.632,0.87,0.715
ITAQUAQUECETUBA,352310,3.0,0.934003325051837,RM São Paulo,SP,São Paulo,Sudeste,Brasil,321198.0,502.85,0.542,0.714,0.648,0.844,0.665
VOTORANTIM,355700,1.0,0.920895110046966,n/d,SP,São Paulo,Sudeste,Brasil,108590.0,703.99,0.64,0.767,0.747,0.838,0.72
ITABORAÍ,330190,2.0,0.920115566515154,RM Rio de Janeiro,RJ,Rio de Janeiro,Sudeste,Brasil,217364.0,584.35,0.528,0.693,0.593,0.813,0.69
SÃO VICENTE,355100,3.0,0.908152484856557,n/d,SP,São Paulo,Sudeste,Brasil,330341.0,789.32,0.65,0.768,0.716,0.857,0.738
SÃO GONÇALO,330490,9.0,0.902755208897555,RM Rio de Janeiro,RJ,Rio de Janeiro,Sudeste,Brasil,996948.0,669.3,0.645,0.739,0.681,0.833,0.711
BRAGANÇA,150170,1.0,0.887240593031612,n/d,PA,Pará,Norte,Brasil,112709.0,311.97,0.399,0.6,0.486,0.755,0.589
SÃO JOÃO DE MERITI,330510,4.0,0.872908837765528,RM Rio de Janeiro,RJ,Rio de Janeiro,Sudeste,Brasil,458238.0,597.57,0.614,0.719,0.646,0.831,0.693
ITAPIPOCA,230640,1.0,0.86617583369424,n/d,CE,Ceará,Nordeste,Brasil,115450.0,264.08,0.456,0.64,0.613,0.761,0.562
FORTALEZA,230440,21.0,0.865115336352723,RM Fortaleza,CE,Ceará,Nordeste,Brasil,2427422.0,846.36,0.658,0.754,0.695,0.824,0.749
JI-PARANÁ,110012,1.0,0.862842548491751,n/d,RO,Rondônia,Norte,Brasil,115896.0,743.35,0.532,0.714,0.617,0.81,0.728
CRATO,230420,1.0,0.828809415274957,n/d,CE,Ceará,Nordeste,Brasil,120655.0,470.46,0.568,0.713,0.673,0.822,0.655
IMPERATRIZ,210530,2.0,0.811961821555151,n/d,MA,Maranhão,Nordeste,Brasil,246317.0,613.87,0.617,0.731,0.698,0.803,0.697
CAMPINA GRANDE,250400,3.0,0.784168167477409,n/d,PB,Paraíba,Nordeste,Brasil,382571.0,630.03,0.574,0.72,0.654,0.812,0.702
VITÓRIA DE SANTO ANTÃO,261640,1.0,0.773389223594559,n/d,PE,Pernambuco,Nordeste,Brasil,129301.0,401.16,0.401,0.64,0.543,0.768,0.629
NOVA IGUAÇU,330350,6.0,0.754471184859272,RM Rio de Janeiro,RJ,Rio de Janeiro,Sudeste,Brasil,795259.0,591.0,0.604,0.713,0.641,0.818,0.691
SERRA,320500,3.0,0.735990422311304,n/d,ES,Espírito Santo,Sudeste,Brasil,407614.0,705.89,0.614,0.739,0.664,0.844,0.72
PETROLINA,261110,2.0,0.685147375200406,n/d,PE,Pernambuco,Nordeste,Brasil,291908.0,605.06,0.536,0.697,0.611,0.799,0.695
ITAPECERICA DA SERRA,352220,1.0,0.671298627194307,RM São Paulo,SP,São Paulo,Sudeste,Brasil,148965.0,619.82,0.58,0.742,0.687,0.852,0.699
ARAGUAÍNA,170210,1.0,0.669792364367046,n/d,TO,Tocantins,Norte,Brasil,149300.0,737.63,0.639,0.752,0.712,0.821,0.727
CARUARU,260410,2.0,0.638751113822255,n/d,PE,Pernambuco,Nordeste,Brasil,313111.0,553.99,0.468,0.677,0.569,0.799,0.681
NILÓPOLIS,330320,1.0,0.636330662865652,RM Rio de Janeiro,RJ,Rio de Janeiro,Sudeste,Brasil,157151.0,755.26,0.715,0.753,0.716,0.817,0.731
LAURO DE FREITAS,291920,1.0,0.619574847739481,RM Salvador,BA,Bahia,Nordeste,Brasil,161401.0,1031.78,0.667,0.754,0.663,0.827,0.781
SOBRAL,231290,1.0,0.536267790683956,n/d,CE,Ceará,Nordeste,Brasil,186474.0,448.89,0.543,0.714,0.675,0.832,0.647
HORTOLÂNDIA,351907,1.0,0.531584067362333,n/d,SP,São Paulo,Sudeste,Brasil,188117.0,686.96,0.59,0.756,0.703,0.859,0.716
SUMARÉ,355240,1.0,0.414925707552063,n/d,SP,São Paulo,Sudeste,Brasil,241007.0,820.03,0.6,0.762,0.705,0.845,0.744
OLINDA,260960,1.0,0.265845735036873,RM Recife,PE,Pernambuco,Nordeste,Brasil,376158.0,640.13,0.64,0.735,0.675,0.836,0.704
BELFORD ROXO,330045,1.0,0.213322411225879,RM Rio de Janeiro,RJ,Rio de Janeiro,Sudeste,Brasil,468774.0,491.51,0.549,0.684,0.598,0.808,0.662
JABOATÃO DOS GUARARAPES,260790,1.0,0.155524381557297,RM Recife,PE,Pernambuco,Nordeste,Brasil,642986.0,593.9,0.585,0.717,0.642,0.83,0.692
