meio,cidade,uf,veiculos_mapeados,T_ANALF15M,T_SUPER25M,ESPVIDA,MORT1,T_ENV,PIND,PMPOB,GINI,R1040,R2040,RDPC,POP,PESO65,I_ESCOLARIDADE,IDHM_E,IDHM_L,IDHM_R,IDHM
Online,SÃO PAULO,SP,574,3.18,20.63,76.3,13.15,8.13,0.92,4.27,0.62,25.32,16.34,1516.21,11172609.0,914646.0,0.677,0.725,0.855,0.843,0.805
Online,RIO DE JANEIRO,RJ,162,2.88,21.26,75.69,13.02,10.46,1.25,5.01,0.62,25.82,17.0,1492.63,6265402.0,661310.0,0.722,0.719,0.845,0.84,0.799
Online,BRASÍLIA,DF,118,3.47,23.95,77.35,14.01,4.97,1.19,4.93,0.63,28.23,19.22,1715.11,2543802.0,127625.0,0.723,0.742,0.873,0.863,0.824
Online,PORTO ALEGRE,RS,81,2.27,25.93,76.42,11.6,10.47,0.92,3.82,0.6,23.68,15.97,1758.27,1394270.0,147536.0,0.748,0.702,0.857,0.867,0.805
Online,CURITIBA,PR,54,2.13,25.95,76.3,11.91,7.54,0.48,1.73,0.55,17.04,11.41,1581.04,1740948.0,132165.0,0.74,0.768,0.855,0.85,0.823
Online,FLORIANÓPOLIS,SC,40,2.07,31.47,77.35,10.81,7.5,0.27,1.35,0.54,15.94,11.56,1798.12,417579.0,31592.0,0.8,0.8,0.873,0.87,0.847
Online,GOIÂNIA,GO,34,3.29,20.67,75.28,13.11,6.31,0.54,3.09,0.58,19.28,12.78,1348.55,1297161.0,82193.0,0.714,0.739,0.838,0.824,0.799
Online,BELO HORIZONTE,MG,32,2.87,22.93,76.37,12.95,8.67,0.79,3.8,0.6,22.38,15.04,1497.29,2356435.0,205994.0,0.702,0.737,0.856,0.841,0.81
Online,PORTO VELHO,RO,24,5.1,12.21,74.14,15.52,3.52,2.64,7.95,0.56,17.42,11.65,929.19,422555.0,15099.0,0.619,0.638,0.819,0.764,0.736
Online,CUIABÁ,MT,24,4.24,19.88,75.01,15.49,5.17,1.33,5.31,0.59,20.14,13.42,1161.49,547297.0,28499.0,0.702,0.726,0.834,0.8,0.785
Online,JOÃO PESSOA,PB,19,8.11,18.61,74.89,16.44,6.96,3.48,11.59,0.62,25.37,16.7,964.82,713290.0,50338.0,0.663,0.693,0.832,0.77,0.763
Online,SALVADOR,BA,19,3.97,14.59,75.1,14.92,6.14,3.97,11.35,0.63,26.51,17.23,973.0,2650633.0,164225.0,0.697,0.679,0.835,0.772,0.759
Online,CAMPO GRANDE,MS,19,3.92,17.22,75.62,16.48,6.7,0.99,4.59,0.56,17.91,11.85,1089.37,777917.0,52691.0,0.667,0.724,0.844,0.79,0.784
Online,MANAUS,AM,18,3.78,10.97,74.54,14.24,3.88,3.75,12.9,0.61,22.86,14.55,790.27,1793443.0,69905.0,0.679,0.658,0.826,0.738,0.737
Online,TERESINA,PI,17,9.1,14.06,74.22,16.13,5.66,4.44,14.6,0.61,23.96,15.51,757.57,806168.0,46113.0,0.642,0.707,0.82,0.731,0.751
Online,PALMAS,TO,16,3.76,20.81,74.61,15.28,2.73,1.52,6.91,0.58,20.31,13.73,1087.35,225432.0,6241.0,0.746,0.749,0.827,0.789,0.788
Online,CAMPINAS,SP,14,3.26,21.31,76.59,11.81,8.47,1.06,3.16,0.56,17.36,11.9,1390.83,1071983.0,91518.0,0.677,0.731,0.86,0.829,0.805
Online,BAURU,SP,13,3.08,17.7,76.26,12.18,9.12,1.08,3.71,0.55,16.35,10.8,1163.86,339422.0,31367.0,0.672,0.752,0.854,0.8,0.801
Online,RECIFE,PE,12,7.13,19.11,74.5,15.56,8.14,4.77,13.2,0.68,36.74,23.53,1144.26,1524313.0,125099.0,0.664,0.698,0.825,0.798,0.772
Online,ARACAJU,SE,12,6.61,19.2,74.36,15.61,6.0,3.43,11.11,0.62,26.59,17.79,1052.03,565274.0,34264.0,0.695,0.708,0.823,0.784,0.77
Online,VITÓRIA,ES,12,2.98,31.86,76.28,11.37,8.22,0.64,3.51,0.6,24.17,16.57,1866.58,325399.0,26948.0,0.789,0.805,0.855,0.876,0.845
Online,NATAL,RN,11,8.33,14.87,75.08,14.35,7.02,2.92,10.5,0.61,23.97,15.74,950.34,797986.0,56441.0,0.659,0.694,0.835,0.768,0.763
Online,SANTOS,SP,11,2.22,27.82,76.13,13.7,14.05,0.6,2.39,0.55,17.33,11.72,1693.65,416553.0,58911.0,0.758,0.807,0.852,0.861,0.84
Online,FORTALEZA,CE,10,6.94,13.73,74.41,15.76,6.58,3.36,12.14,0.61,23.9,15.44,846.36,2427422.0,161310.0,0.658,0.695,0.824,0.749,0.754
Online,RIBEIRÃO PRETO,SP,10,2.91,20.87,75.65,16.88,8.67,0.61,2.53,0.54,15.31,10.28,1314.04,599026.0,52403.0,0.683,0.739,0.844,0.82,0.8
Online,BELÉM,PA,9,3.33,14.33,74.33,16.06,6.3,3.54,13.04,0.61,24.21,15.58,853.82,1385193.0,87744.0,0.692,0.673,0.822,0.751,0.746
Online,RIO BRANCO,AC,8,9.03,12.93,72.85,20.03,4.31,4.85,14.38,0.59,21.91,14.54,744.67,333052.0,14480.0,0.607,0.661,0.798,0.729,0.727
Online,SÃO LUÍS,MA,8,4.65,13.73,73.76,18.1,5.19,4.53,13.81,0.61,24.07,15.65,805.36,1005101.0,52655.0,0.735,0.752,0.813,0.741,0.768
Online,MACEIÓ,AL,8,11.86,14.24,72.94,22.02,5.54,5.29,15.57,0.63,26.28,17.0,792.54,924611.0,51664.0,0.591,0.635,0.799,0.739,0.721
Online,MOGI DAS CRUZES,SP,8,3.95,16.28,76.07,12.23,6.8,1.93,7.06,0.54,15.66,10.67,916.81,386276.0,26358.0,0.662,0.74,0.851,0.762,0.783
Online,PONTA GROSSA,PR,8,3.67,13.25,75.22,12.19,6.87,1.63,6.72,0.54,15.64,10.43,877.1,309810.0,21416.0,0.614,0.703,0.837,0.755,0.763
Online,DOURADOS,MS,8,5.56,14.46,75.59,17.0,6.03,1.57,5.96,0.52,14.33,9.77,866.4,194084.0,11821.0,0.587,0.657,0.843,0.753,0.747
Online,BARUERI,SP,7,4.04,12.18,76.96,11.34,4.4,1.54,5.65,0.61,22.15,13.93,1095.84,240055.0,10598.0,0.631,0.708,0.866,0.791,0.786
Online,CRICIÚMA,SC,7,3.0,15.46,75.76,12.29,5.9,0.51,2.17,0.48,11.53,7.78,1062.53,190535.0,11352.0,0.639,0.737,0.846,0.786,0.788
Online,ARARAQUARA,SP,6,3.61,17.54,77.64,10.23,9.66,0.53,2.64,0.5,12.28,8.55,1080.66,206646.0,20165.0,0.687,0.782,0.877,0.788,0.815
Online,SÃO BERNARDO DO CAMPO,SP,6,3.04,19.21,76.65,12.84,6.56,0.99,3.54,0.54,15.63,10.71,1212.65,761343.0,50235.0,0.702,0.752,0.861,0.807,0.805
Online,SÃO JOSÉ DOS CAMPOS,SP,6,2.95,18.04,76.27,13.49,6.22,1.01,3.89,0.55,16.64,11.23,1190.96,627707.0,39188.0,0.703,0.764,0.855,0.804,0.807
Online,CASCAVEL,PR,6,4.47,15.2,75.74,11.73,5.81,0.8,3.27,0.51,13.43,9.11,1003.38,281772.0,16623.0,0.63,0.728,0.846,0.776,0.782
Online,FEIRA DE SANTANA,BA,5,9.08,7.27,74.2,15.64,5.91,5.38,15.8,0.6,21.13,13.52,662.24,552741.0,32896.0,0.576,0.619,0.82,0.71,0.712
Online,SANTANA DE PARNAÍBA,SP,5,4.5,23.54,75.92,15.49,4.58,1.45,4.71,0.67,34.91,23.87,1858.69,108248.0,4981.0,0.657,0.725,0.849,0.876,0.814
Online,SANTO ANDRÉ,SP,5,2.78,20.14,76.66,12.58,9.31,0.78,3.24,0.53,15.14,10.36,1304.31,674948.0,62963.0,0.707,0.769,0.861,0.819,0.815
Online,SÃO CARLOS,SP,5,3.64,17.81,76.78,11.19,8.94,0.58,2.53,0.49,12.15,8.4,1079.45,220666.0,19847.0,0.693,0.766,0.863,0.788,0.805
Online,LONDRINA,PR,5,4.52,19.07,75.19,11.73,8.62,0.74,3.27,0.51,13.54,9.41,1083.35,503548.0,43702.0,0.649,0.712,0.837,0.789,0.778
Online,ITAJAÍ,SC,5,2.97,13.77,78.02,10.2,5.77,0.43,2.31,0.45,9.83,7.08,1014.0,182637.0,10572.0,0.646,0.73,0.884,0.778,0.795
Online,JOINVILLE,SC,5,2.26,15.98,78.34,9.32,5.65,0.29,1.67,0.49,11.7,7.87,1126.74,512406.0,29105.0,0.709,0.749,0.889,0.795,0.809
Online,MACAPÁ,AP,4,6.17,14.1,74.19,14.04,3.48,5.89,18.15,0.59,21.95,14.95,717.88,395465.0,13853.0,0.679,0.663,0.82,0.723,0.733
Online,TEIXEIRA DE FREITAS,BA,4,14.65,6.69,73.0,21.21,6.04,5.39,15.92,0.53,15.33,10.39,560.73,136656.0,8354.0,0.503,0.588,0.8,0.683,0.685
Online,CONTAGEM,MG,4,3.55,8.8,74.94,15.4,5.97,1.15,4.81,0.48,11.29,7.9,824.3,600466.0,36030.0,0.623,0.697,0.832,0.745,0.756
Online,IPATINGA,MG,4,5.01,11.35,76.85,13.22,6.26,1.13,5.92,0.52,13.88,9.48,862.91,238052.0,14991.0,0.625,0.705,0.864,0.752,0.771
Online,JUIZ DE FORA,MG,4,3.25,17.4,75.65,15.42,9.25,0.88,5.48,0.56,17.25,11.61,1050.88,512779.0,47739.0,0.65,0.711,0.844,0.784,0.778
Online,DUQUE DE CAXIAS,RJ,4,4.99,5.5,75.0,14.07,6.61,2.83,9.88,0.46,9.99,7.31,592.81,853747.0,56524.0,0.584,0.624,0.833,0.692,0.711
Online,NITERÓI,RJ,4,2.27,33.68,76.23,12.91,12.17,0.8,3.34,0.59,22.94,16.23,2000.29,482950.0,59321.0,0.794,0.773,0.854,0.887,0.837
Online,GUARULHOS,SP,4,4.1,11.21,74.83,13.34,5.2,1.95,6.5,0.51,13.49,9.26,829.91,1213492.0,63556.0,0.639,0.717,0.831,0.746,0.763
Online,ITU,SP,4,4.42,14.37,76.23,12.9,7.09,0.49,2.84,0.52,14.37,9.46,1038.14,153310.0,10925.0,0.621,0.692,0.854,0.782,0.773
Online,OSASCO,SP,4,3.48,14.19,75.42,13.36,6.37,1.5,4.8,0.53,14.79,10.16,1003.4,665237.0,42462.0,0.648,0.718,0.84,0.776,0.776
Online,PIRACICABA,SP,4,3.1,15.73,75.88,14.44,8.41,0.94,3.11,0.52,14.31,9.66,1143.2,363011.0,30643.0,0.64,0.717,0.848,0.797,0.785
Online,SÃO CAETANO DO SUL,SP,4,1.55,31.19,78.2,9.5,13.89,0.09,0.52,0.54,16.12,10.8,2043.74,148195.0,20728.0,0.762,0.811,0.887,0.891,0.862
Online,FOZ DO IGUAÇU,PR,4,5.64,13.38,76.46,10.83,5.05,1.75,7.37,0.53,15.14,10.29,842.26,254276.0,12922.0,0.591,0.661,0.858,0.748,0.751
Online,GUARAPUAVA,PR,4,6.0,11.31,76.2,10.04,6.23,2.24,8.92,0.55,16.31,10.68,750.09,165849.0,10427.0,0.519,0.628,0.853,0.73,0.731
Online,BALNEÁRIO CAMBORIÚ,SC,4,1.5,25.66,78.62,8.7,7.75,0.21,0.95,0.52,13.79,9.55,1625.59,107149.0,8380.0,0.763,0.789,0.894,0.854,0.845
Online,JARAGUÁ DO SUL,SC,4,1.77,14.8,76.92,10.21,5.15,0.25,0.71,0.42,8.45,5.98,1111.85,142186.0,7375.0,0.687,0.755,0.865,0.793,0.803
Online,SÃO MIGUEL DO OESTE,SC,4,4.64,13.95,78.06,9.7,8.06,0.59,3.27,0.5,13.07,8.7,1072.6,36117.0,2928.0,0.611,0.739,0.884,0.787,0.801
Online,SANTA CRUZ DO SUL,RS,4,3.37,14.24,76.1,11.76,8.97,0.96,3.68,0.49,11.75,8.2,1036.87,117169.0,10617.0,0.619,0.693,0.852,0.782,0.773
Online,SANTA MARIA,RS,4,3.18,18.85,75.89,11.6,9.5,1.19,5.47,0.55,16.91,11.56,1127.25,258667.0,24798.0,0.683,0.715,0.848,0.795,0.784
Online,RONDONÓPOLIS,MT,4,7.2,13.08,74.37,16.4,5.37,1.35,5.44,0.52,13.88,9.42,843.62,193435.0,10498.0,0.598,0.698,0.823,0.749,0.755
Online,VÁRZEA GRANDE,MT,4,5.87,8.96,75.5,13.7,4.54,2.01,7.03,0.46,10.45,7.55,668.86,251845.0,11468.0,0.604,0.661,0.842,0.711,0.734
Online,APARECIDA DE GOIÂNIA,GO,4,5.3,7.3,75.01,13.2,3.84,0.99,5.22,0.47,10.92,7.47,689.3,452269.0,17509.0,0.57,0.62,0.834,0.716,0.718
Online,ARIQUEMES,RO,3,7.9,8.13,73.36,19.2,4.36,4.36,11.54,0.53,15.54,10.22,689.95,89766.0,3943.0,0.514,0.6,0.806,0.716,0.702
Online,VILHENA,RO,3,6.08,10.6,73.49,16.98,4.46,2.1,6.37,0.5,13.02,8.92,768.98,75614.0,3398.0,0.554,0.659,0.808,0.734,0.731
Online,JUAZEIRO DO NORTE,CE,3,16.2,7.44,73.58,18.12,7.54,6.73,23.43,0.54,15.85,10.92,439.53,248222.0,18856.0,0.528,0.642,0.81,0.644,0.694
Online,QUIXERAMOBIM,CE,3,24.2,3.75,72.33,20.0,9.04,19.57,38.37,0.56,18.93,12.88,317.45,71409.0,6499.0,0.405,0.567,0.789,0.592,0.642
Online,MOSSORÓ,RN,3,13.8,9.89,73.64,17.91,6.33,3.72,12.81,0.52,14.63,9.93,600.28,258460.0,16437.0,0.565,0.663,0.811,0.694,0.72
Online,CACHOEIRINHA,PE,3,32.13,2.24,70.18,26.4,10.43,15.44,33.67,0.48,12.38,9.22,308.18,18774.0,1962.0,0.269,0.439,0.753,0.587,0.579
Online,ITABUNA,BA,3,10.38,9.13,73.42,18.1,7.7,6.12,17.09,0.56,18.0,12.14,605.12,203181.0,15754.0,0.576,0.643,0.807,0.695,0.712
Online,ITABIRA,MG,3,6.34,9.77,77.37,11.18,7.4,1.54,7.46,0.51,13.59,9.3,744.61,109507.0,8129.0,0.576,0.678,0.873,0.729,0.756
Online,UBERABA,MG,3,4.19,15.52,75.71,14.0,8.61,0.67,3.4,0.5,12.42,8.55,978.01,292644.0,25477.0,0.63,0.705,0.845,0.772,0.772
Online,CACHOEIRO DE ITAPEMIRIM,ES,3,5.71,9.86,75.2,13.8,7.52,1.42,6.64,0.52,13.88,9.26,763.71,188790.0,14277.0,0.561,0.677,0.837,0.733,0.746
Online,CABO FRIO,RJ,3,5.02,12.08,75.16,15.41,7.14,2.35,8.73,0.54,16.2,11.14,815.75,185301.0,13289.0,0.606,0.64,0.836,0.743,0.735
Online,BARRETOS,SP,3,4.01,13.21,77.5,10.13,9.56,0.64,2.94,0.48,11.4,7.82,917.0,111603.0,10719.0,0.628,0.738,0.875,0.762,0.789
Online,FRANCA,SP,3,3.44,13.15,75.5,14.3,7.6,0.65,3.34,0.46,10.14,7.02,846.57,317558.0,24232.0,0.631,0.753,0.842,0.749,0.78
Online,JUNDIAÍ,SP,3,3.08,20.62,76.94,11.51,9.28,0.52,1.87,0.53,15.24,10.17,1431.55,368777.0,34338.0,0.674,0.768,0.866,0.834,0.822
Online,MARÍLIA,SP,3,4.06,17.13,76.26,12.81,9.52,1.05,4.04,0.5,12.87,8.84,953.2,213999.0,20639.0,0.673,0.776,0.854,0.768,0.798
Online,PRESIDENTE PRUDENTE,SP,3,3.92,19.01,76.49,12.1,9.43,0.85,3.28,0.54,15.18,9.98,1080.22,205558.0,19579.0,0.674,0.774,0.858,0.788,0.806
Online,RIO CLARO,SP,3,3.46,16.25,76.72,13.47,9.36,0.37,2.67,0.5,12.65,8.44,1049.16,185172.0,17437.0,0.671,0.766,0.862,0.784,0.803
Online,SÃO JOSÉ DO RIO PRETO,SP,3,3.19,18.88,75.74,13.6,9.47,0.46,1.73,0.5,12.53,8.6,1169.16,405342.0,38657.0,0.661,0.748,0.846,0.801,0.797
Online,SOROCABA,SP,3,3.1,16.99,75.59,13.43,7.41,0.89,3.23,0.52,14.36,9.71,1107.19,581667.0,43498.0,0.677,0.762,0.843,0.792,0.798
Online,SUZANO,SP,3,4.85,8.45,77.36,12.12,5.49,1.91,8.54,0.47,11.1,7.87,654.61,261357.0,14409.0,0.62,0.723,0.873,0.708,0.765
Online,TABOÃO DA SERRA,SP,3,3.97,11.18,76.79,11.75,4.9,1.62,4.72,0.47,10.72,7.66,812.19,243983.0,11986.0,0.653,0.71,0.863,0.742,0.769
Online,MARINGÁ,PR,3,3.27,20.01,76.1,11.05,8.08,0.29,1.39,0.49,11.62,7.93,1202.63,354512.0,28866.0,0.691,0.768,0.852,0.806,0.808
Online,UMUARAMA,PR,3,6.15,13.15,75.16,12.5,8.51,0.59,2.79,0.48,11.26,7.8,880.6,99898.0,8568.0,0.567,0.698,0.836,0.755,0.761
Online,PALHOÇA,SC,3,3.9,8.16,76.55,12.35,4.85,0.61,2.18,0.4,7.3,5.46,862.74,136699.0,6664.0,0.609,0.672,0.859,0.752,0.757
Online,NOVO HAMBURGO,RS,3,3.36,9.58,76.11,12.26,7.37,0.82,3.91,0.53,14.39,9.61,1011.62,237941.0,17601.0,0.552,0.629,0.852,0.778,0.747
Online,CORUMBÁ,MS,3,6.35,10.27,75.06,17.75,6.21,4.34,16.11,0.55,17.44,11.84,627.1,102596.0,6443.0,0.546,0.586,0.834,0.701,0.7
Online,TRÊS LAGOAS,MS,3,6.43,13.5,75.91,15.76,6.67,1.33,4.85,0.51,12.9,8.77,863.66,101171.0,6785.0,0.579,0.645,0.849,0.752,0.744
Online,LUCAS DO RIO VERDE,MT,3,3.26,10.71,74.96,15.4,2.21,1.45,2.64,0.46,10.07,7.1,938.65,45306.0,1007.0,0.624,0.71,0.833,0.766,0.768
Online,ROLIM DE MOURA,RO,2,9.04,8.47,73.46,16.9,5.56,3.96,10.77,0.53,15.02,10.14,657.65,50379.0,2818.0,0.474,0.598,0.808,0.709,0.7
Online,BOA VISTA,RR,2,5.83,12.99,73.95,15.39,3.29,5.03,13.61,0.58,20.58,14.13,786.55,281538.0,9351.0,0.687,0.708,0.816,0.737,0.752
Online,EUSÉBIO,CE,2,13.49,6.25,72.66,19.2,5.14,5.6,22.03,0.65,28.14,17.12,623.01,45707.0,2364.0,0.525,0.621,0.794,0.7,0.701
Online,CAMPINA GRANDE,PB,2,11.68,12.69,73.73,17.3,7.79,5.02,16.34,0.58,19.64,12.94,630.03,382571.0,30016.0,0.574,0.654,0.812,0.702,0.72
Online,ARAPIRACA,AL,2,22.45,6.2,71.82,22.0,6.19,11.15,26.65,0.55,17.14,11.73,423.28,212874.0,13256.0,0.42,0.549,0.78,0.638,0.649
Online,CAMAÇARI,BA,2,7.78,5.24,72.9,17.37,3.64,6.01,16.39,0.53,15.4,10.45,553.18,242015.0,8847.0,0.578,0.616,0.798,0.681,0.694
Online,CANDEIAS,BA,2,9.08,2.76,74.39,15.8,4.93,7.22,17.44,0.48,11.78,8.47,462.57,82844.0,4100.0,0.563,0.616,0.823,0.652,0.691
Online,SÃO GONÇALO DOS CAMPOS,BA,2,15.03,2.21,70.14,27.0,7.72,8.81,23.86,0.55,16.85,10.66,419.27,33208.0,2570.0,0.419,0.516,0.752,0.636,0.627
Online,VITÓRIA DA CONQUISTA,BA,2,13.31,8.07,72.3,21.24,6.94,5.6,18.07,0.55,16.64,11.12,555.66,304599.0,21295.0,0.493,0.581,0.788,0.681,0.678
Online,ITUIUTABA,MG,2,8.45,10.3,75.37,14.2,10.47,1.14,4.16,0.5,12.57,8.39,824.46,96689.0,10169.0,0.513,0.644,0.84,0.745,0.739
Online,MONTES CLAROS,MG,2,6.25,13.28,77.07,13.04,6.07,2.71,11.99,0.53,15.37,10.48,650.62,359278.0,21972.0,0.646,0.744,0.868,0.707,0.77
Online,PASSOS,MG,2,5.52,11.25,78.15,10.35,8.41,0.9,4.42,0.49,12.14,8.28,802.97,105700.0,8944.0,0.525,0.658,0.886,0.741,0.756
Online,PATOS DE MINAS,MG,2,5.36,12.17,76.31,14.47,7.98,0.87,4.55,0.5,12.79,8.66,843.57,138003.0,11071.0,0.576,0.698,0.855,0.749,0.765
Online,CAMPOS DOS GOYTACAZES,RJ,2,6.85,10.38,74.82,14.72,8.11,3.67,13.49,0.55,17.38,11.8,682.59,460592.0,37610.0,0.555,0.619,0.83,0.715,0.716
Online,MANGARATIBA,RJ,2,4.1,10.08,75.71,13.1,8.12,1.6,6.71,0.51,13.31,9.22,832.15,36300.0,2959.0,0.63,0.676,0.845,0.746,0.753
Online,NOVA IGUAÇU,RJ,2,4.63,6.5,74.08,15.35,6.96,3.38,10.56,0.48,11.36,8.12,591.0,795259.0,55432.0,0.604,0.641,0.818,0.691,0.713
Online,SÃO GONÇALO,RJ,2,3.58,7.12,74.96,14.55,7.97,1.55,6.19,0.43,9.06,6.74,669.3,996948.0,79651.0,0.645,0.681,0.833,0.711,0.739
Online,SÃO JOÃO DA BARRA,RJ,2,9.8,4.66,73.02,16.9,9.16,3.69,11.99,0.48,11.57,8.32,570.38,32518.0,2998.0,0.426,0.551,0.8,0.686,0.671
Online,VOLTA REDONDA,RJ,2,3.3,15.23,74.98,14.15,8.36,1.47,4.77,0.5,12.95,9.02,920.51,257116.0,21559.0,0.672,0.72,0.833,0.763,0.771
Online,AMERICANA,SP,2,2.74,15.4,77.55,10.77,8.73,0.32,1.39,0.47,10.39,7.32,1161.68,209811.0,18388.0,0.651,0.76,0.876,0.8,0.811
Online,ARAÇATUBA,SP,2,3.83,15.88,75.46,15.28,9.77,0.63,3.14,0.52,14.1,9.29,1036.09,180537.0,17749.0,0.643,0.744,0.841,0.782,0.788
Online,ASSIS,SP,2,4.11,17.67,76.91,11.0,9.95,0.33,3.24,0.5,12.41,8.53,967.39,93038.0,9471.0,0.689,0.781,0.865,0.771,0.805
Online,CARAGUATATUBA,SP,2,4.7,11.27,75.68,12.6,7.36,1.67,6.41,0.5,12.92,8.82,773.99,99908.0,7418.0,0.609,0.705,0.845,0.735,0.759
Online,CATANDUVA,SP,2,4.67,14.86,76.2,12.43,10.73,0.62,2.35,0.46,10.08,7.0,945.05,112210.0,12104.0,0.611,0.74,0.853,0.767,0.785
Online,COTIA,SP,2,4.42,15.62,76.05,11.93,5.02,1.43,4.72,0.57,18.49,12.14,1085.66,199437.0,10099.0,0.639,0.707,0.851,0.789,0.78
Online,INDAIATUBA,SP,2,3.38,15.04,75.22,13.37,6.88,0.17,1.43,0.47,10.75,7.57,1098.31,201009.0,13878.0,0.657,0.738,0.837,0.791,0.788
Online,ITAPIRA,SP,2,5.74,11.84,76.1,13.1,9.82,0.72,2.78,0.45,9.41,6.71,849.81,67517.0,6728.0,0.558,0.692,0.852,0.75,0.762
Online,MOGI GUAÇU,SP,2,4.31,10.46,76.1,13.41,7.75,0.56,2.94,0.44,9.03,6.43,802.19,136821.0,10640.0,0.598,0.736,0.852,0.74,0.774
Online,PINDAMONHANGABA,SP,2,3.87,12.03,75.58,12.9,6.55,1.32,6.79,0.52,13.95,9.54,826.02,146392.0,9633.0,0.663,0.736,0.843,0.745,0.773
Online,ALMIRANTE TAMANDARÉ,PR,2,6.06,5.54,75.39,12.96,4.37,1.01,4.89,0.43,8.57,6.12,646.02,103008.0,4512.0,0.496,0.575,0.84,0.706,0.699
Online,ALTÔNIA,PR,2,10.18,5.43,75.88,11.6,10.71,0.86,5.23,0.38,6.72,5.14,585.49,20376.0,2198.0,0.428,0.641,0.848,0.69,0.721
Online,CAMPO LARGO,PR,2,4.48,9.1,76.21,12.16,6.09,1.47,4.25,0.45,9.6,6.89,749.21,111827.0,6839.0,0.528,0.664,0.854,0.73,0.745
Online,CAMPO MOURÃO,PR,2,7.29,13.87,75.44,12.1,7.53,1.23,4.58,0.5,12.5,8.65,843.42,86898.0,6567.0,0.575,0.689,0.841,0.749,0.757
Online,FRANCISCO BELTRÃO,PR,2,5.68,12.25,75.65,11.7,6.87,1.2,4.38,0.47,10.65,7.53,895.36,77938.0,5426.0,0.609,0.726,0.844,0.758,0.774
Online,GOIOERÊ,PR,2,10.64,9.75,75.97,11.5,9.41,1.85,6.14,0.48,11.6,8.15,707.58,28869.0,2730.0,0.49,0.639,0.85,0.72,0.731
Online,IRATI,PR,2,4.56,8.75,75.11,13.4,7.94,1.89,6.79,0.49,11.68,8.09,685.81,55969.0,4461.0,0.476,0.64,0.835,0.715,0.726
Online,LARANJEIRAS DO SUL,PR,2,8.47,10.02,75.11,12.6,7.78,4.6,14.43,0.54,15.97,10.92,659.33,30561.0,2394.0,0.43,0.594,0.835,0.709,0.706
Online,MARECHAL CÂNDIDO RONDON,PR,2,3.84,11.16,75.51,12.38,8.56,0.58,2.15,0.53,14.4,9.15,1036.38,46592.0,4008.0,0.563,0.704,0.842,0.782,0.774
Online,SÃO JOSÉ DOS PINHAIS,PR,2,3.4,10.37,76.53,10.63,4.61,0.66,2.56,0.45,9.5,6.77,846.93,263194.0,12193.0,0.617,0.678,0.859,0.749,0.758
Online,TOLEDO,PR,2,4.6,13.48,76.3,12.12,6.84,0.78,2.88,0.46,10.27,7.2,876.72,118908.0,8161.0,0.586,0.702,0.855,0.755,0.768
Online,CAÇADOR,SC,2,5.93,9.82,77.65,10.2,6.32,1.6,6.93,0.48,11.64,8.04,744.28,70361.0,4473.0,0.516,0.62,0.878,0.728,0.735
Online,CANOINHAS,SC,2,4.34,10.68,77.42,10.4,7.06,2.43,8.63,0.49,12.42,8.54,692.87,52405.0,3724.0,0.567,0.692,0.874,0.717,0.757
Online,CAPINZAL,SC,2,5.59,8.88,77.11,10.8,6.74,0.5,2.99,0.45,9.48,6.48,811.66,20648.0,1400.0,0.518,0.659,0.869,0.742,0.752
Online,CHAPECÓ,SC,2,4.45,13.67,77.25,10.6,5.37,0.65,2.7,0.48,11.09,7.6,1017.34,181705.0,9860.0,0.63,0.727,0.871,0.779,0.79
Online,LAGES,SC,2,5.02,13.94,77.04,10.71,7.71,1.57,6.24,0.54,16.26,10.78,878.34,156106.0,12090.0,0.608,0.697,0.867,0.755,0.77
Online,POMERODE,SC,2,1.68,10.84,78.14,9.6,8.29,0.19,0.81,0.38,6.94,4.97,1022.91,27548.0,2300.0,0.558,0.687,0.886,0.78,0.78
Online,SEARA,SC,2,5.2,8.57,77.32,10.5,7.88,0.67,1.47,0.51,13.22,8.4,1188.18,16884.0,1334.0,0.505,0.674,0.872,0.804,0.779
Online,SOMBRIO,SC,2,5.39,7.39,76.49,11.6,6.65,0.28,2.09,0.4,7.6,5.45,746.69,26590.0,1770.0,0.475,0.617,0.858,0.729,0.728
Online,TAIÓ,SC,2,4.47,8.59,77.71,10.1,8.4,0.36,1.81,0.43,8.58,5.96,848.34,17065.0,1450.0,0.491,0.67,0.879,0.749,0.761
Online,TIMBÓ,SC,2,1.82,13.32,76.36,11.7,7.75,,0.38,0.47,10.6,6.91,1214.03,36602.0,2851.0,0.601,0.697,0.856,0.807,0.784
Online,TUBARÃO,SC,2,3.33,14.65,76.96,11.0,7.91,0.73,1.71,0.47,10.64,7.23,1077.62,96823.0,7687.0,0.648,0.74,0.866,0.788,0.796
Online,CANOAS,RS,2,2.61,10.35,76.83,10.62,7.49,0.93,4.4,0.51,12.99,8.99,952.13,322949.0,24239.0,0.646,0.636,0.864,0.768,0.75
Online,CAXIAS DO SUL,RS,2,2.34,13.51,76.58,11.19,7.07,0.36,1.72,0.48,11.56,7.97,1253.93,433304.0,30796.0,0.668,0.686,0.86,0.812,0.782
Online,ERECHIM,RS,2,3.27,13.79,74.95,12.8,8.6,1.08,3.29,0.48,11.23,7.72,1038.39,95232.0,8261.0,0.629,0.716,0.833,0.782,0.776
Online,FLORES DA CUNHA,RS,2,3.16,8.74,75.95,11.5,8.38,0.48,1.12,0.44,8.89,6.42,1062.06,27005.0,2274.0,0.519,0.642,0.849,0.786,0.754
Online,PASSO FUNDO,RS,2,3.58,16.92,75.95,11.73,8.04,0.83,3.63,0.52,14.28,9.78,1068.95,183407.0,14861.0,0.663,0.699,0.849,0.787,0.776
Online,PELOTAS,RS,2,4.12,13.49,75.64,12.39,10.39,2.1,7.56,0.54,16.32,10.97,894.35,326650.0,34095.0,0.58,0.632,0.844,0.758,0.739
Online,RIO GRANDE,RS,2,4.62,11.22,76.66,10.6,9.27,1.57,6.99,0.51,14.07,9.78,859.2,195482.0,18285.0,0.584,0.637,0.861,0.752,0.744
Online,VIAMÃO,RS,2,4.19,5.83,76.95,9.38,7.39,1.85,7.08,0.47,11.04,7.71,707.05,237679.0,17695.0,0.576,0.591,0.866,0.72,0.717
Online,COXIM,MS,2,10.46,8.95,75.17,17.5,7.4,1.7,8.47,0.51,13.78,9.53,703.01,32041.0,2379.0,0.45,0.579,0.836,0.719,0.703
Online,NOVA ANDRADINA,MS,2,8.52,10.51,75.97,16.1,6.33,2.54,8.27,0.48,11.81,8.25,688.15,44985.0,2887.0,0.496,0.616,0.85,0.716,0.721
Online,CÁCERES,MT,2,10.18,9.73,73.76,17.4,6.39,4.69,14.28,0.53,15.02,10.26,590.43,87269.0,5621.0,0.525,0.633,0.813,0.691,0.708
Online,SINOP,MT,2,5.07,11.19,74.93,15.5,3.67,0.82,3.28,0.49,11.94,8.26,877.68,112124.0,4154.0,0.571,0.682,0.832,0.755,0.754
Online,ANÁPOLIS,GO,2,5.77,11.49,74.33,15.14,6.67,1.0,5.74,0.5,13.13,8.95,785.17,333067.0,22319.0,0.609,0.66,0.822,0.737,0.737
Online,RIO VERDE,GO,2,6.45,10.84,76.17,11.68,5.2,1.15,4.43,0.54,15.65,10.14,936.75,175474.0,9176.0,0.556,0.656,0.853,0.765,0.754
Online,JARU,RO,1,10.66,6.94,74.51,14.6,5.62,4.32,13.78,0.49,12.32,8.71,575.14,51715.0,2923.0,0.43,0.577,0.825,0.687,0.689
Online,JI-PARANÁ,RO,1,7.79,8.73,73.6,16.2,5.05,2.67,8.56,0.53,15.26,10.15,743.35,115896.0,5887.0,0.532,0.617,0.81,0.728,0.714
Online,PIMENTA BUENO,RO,1,8.35,8.07,73.15,17.6,5.07,2.29,9.33,0.54,15.6,10.04,734.76,33611.0,1715.0,0.496,0.613,0.803,0.726,0.71
Online,PRESIDENTE MÉDICI,RO,1,12.17,5.06,72.51,19.2,7.07,9.3,19.39,0.53,14.88,10.43,520.2,22262.0,1579.0,0.38,0.55,0.792,0.671,0.664
Online,CANDEIAS DO JAMARI,RO,1,10.98,3.94,74.11,15.4,3.96,7.14,15.8,0.47,10.64,7.78,463.63,19681.0,784.0,0.433,0.512,0.819,0.652,0.649
Online,ATALAIA DO NORTE,AM,1,35.5,2.74,68.95,28.6,2.87,44.75,63.67,0.65,62.27,43.05,159.21,15078.0,435.0,0.229,0.259,0.733,0.481,0.45
Online,IRANDUBA,AM,1,13.24,3.88,72.94,17.8,4.83,16.69,34.86,0.56,19.24,13.15,349.23,40642.0,1970.0,0.4,0.476,0.799,0.607,0.613
Online,ALTAMIRA,PA,1,12.45,5.9,73.64,17.27,4.39,11.25,22.38,0.56,18.36,12.61,492.05,98183.0,4354.0,0.461,0.548,0.811,0.662,0.665
Online,MONTE ALEGRE,PA,1,14.27,2.92,70.86,24.4,6.23,31.58,51.73,0.59,25.34,18.25,231.65,55260.0,3457.0,0.364,0.495,0.764,0.541,0.589
Online,PARAUAPEBAS,PA,1,8.11,5.73,73.55,17.4,2.09,4.42,13.17,0.53,15.49,10.57,627.61,153443.0,3216.0,0.603,0.644,0.809,0.701,0.715
Online,SANTARÉM,PA,1,7.4,7.23,73.44,17.91,5.38,14.85,31.07,0.58,20.6,14.17,409.07,293064.0,15859.0,0.569,0.648,0.807,0.632,0.691
Online,TAILÂNDIA,PA,1,13.52,1.85,71.58,22.3,2.38,11.99,33.6,0.52,13.74,9.32,300.85,78878.0,1884.0,0.379,0.45,0.776,0.583,0.588
Online,ARAGUATINS,TO,1,19.77,7.29,72.56,19.6,6.21,19.69,36.03,0.57,19.93,13.95,342.07,31268.0,1945.0,0.409,0.525,0.793,0.604,0.631
Online,GURUPI,TO,1,6.39,13.64,75.6,12.7,5.48,1.74,7.14,0.54,15.47,10.31,778.9,76292.0,4206.0,0.655,0.706,0.843,0.736,0.759
Online,RAPOSA,MA,1,15.27,2.65,69.11,32.3,4.14,15.47,33.44,0.48,11.36,8.21,274.0,26308.0,1090.0,0.457,0.587,0.735,0.568,0.626
Online,ÁGUA BRANCA,PI,1,24.14,4.79,70.79,25.5,9.1,14.39,30.26,0.49,12.56,9.13,335.63,16436.0,1497.0,0.424,0.569,0.763,0.6,0.639
Online,CAMPO MAIOR,PI,1,22.12,7.26,72.58,20.5,9.1,9.49,26.73,0.53,14.86,10.55,401.74,45093.0,4110.0,0.423,0.566,0.793,0.629,0.656
Online,FLORIANO,PI,1,13.18,9.61,73.13,19.1,7.78,6.56,18.98,0.55,16.78,11.22,536.3,57242.0,4491.0,0.562,0.633,0.802,0.676,0.7
Online,BARBALHA,CE,1,18.79,6.92,74.02,16.0,7.67,10.0,28.35,0.51,13.85,9.44,362.9,55259.0,4244.0,0.514,0.637,0.817,0.613,0.683
Online,BREJO SANTO,CE,1,22.68,6.43,71.06,23.4,7.96,13.83,32.29,0.52,14.93,10.28,325.64,44890.0,3598.0,0.464,0.592,0.768,0.596,0.647
Online,CRATO,CE,1,14.94,10.83,74.3,16.48,7.79,8.61,24.54,0.57,18.87,12.4,470.46,120655.0,9462.0,0.568,0.673,0.822,0.655,0.713
Online,CAICÓ,RN,1,15.34,8.84,74.45,13.4,8.82,3.69,12.1,0.56,17.18,11.03,637.13,62116.0,5529.0,0.499,0.619,0.824,0.703,0.71
Online,ARARUNA,PB,1,39.54,2.81,70.45,26.0,9.31,27.04,44.45,0.52,16.72,12.27,244.02,18813.0,1757.0,0.267,0.439,0.758,0.549,0.567
Online,CAJAZEIRAS,PB,1,19.45,8.49,73.87,17.0,9.23,9.05,21.8,0.56,18.19,12.16,511.56,58122.0,5394.0,0.442,0.574,0.815,0.668,0.679
Online,CONCEIÇÃO,PB,1,32.72,3.88,70.23,26.7,8.76,23.33,41.03,0.56,19.35,13.38,290.63,18258.0,1609.0,0.319,0.476,0.754,0.577,0.592
Online,SÃO BENTO,PB,1,33.59,2.99,71.16,24.0,6.22,7.37,28.67,0.47,10.84,7.64,328.99,30798.0,1921.0,0.243,0.424,0.769,0.597,0.58
Online,SÃO JOSÉ DE PIRANHAS,PB,1,25.03,3.43,70.31,26.4,9.61,17.56,32.25,0.5,13.87,10.01,321.53,19025.0,1836.0,0.281,0.461,0.755,0.594,0.591
Online,GARANHUNS,PE,1,17.57,9.47,72.69,19.5,7.51,12.07,26.72,0.59,21.23,14.43,492.44,128786.0,9716.0,0.466,0.556,0.795,0.662,0.664
Online,JABOATÃO DOS GUARARAPES,PE,1,9.13,7.77,74.82,15.95,5.9,6.35,17.61,0.58,19.59,12.81,593.9,642986.0,38022.0,0.585,0.642,0.83,0.692,0.717
Online,OLINDA,PE,1,7.03,11.79,75.16,14.79,7.99,4.99,15.18,0.55,17.11,11.85,640.13,376158.0,30193.0,0.64,0.675,0.836,0.704,0.735
Online,PALMARES,PE,1,21.46,5.51,69.62,28.1,6.7,13.14,32.14,0.49,12.61,9.08,311.09,58392.0,3989.0,0.434,0.55,0.744,0.588,0.622
Online,PETROLINA,PE,1,12.04,9.46,72.95,18.67,4.64,6.99,19.61,0.62,23.62,14.69,605.06,291908.0,13645.0,0.536,0.611,0.799,0.695,0.697
Online,SANTA CRUZ DO CAPIBARIBE,PE,1,16.01,2.68,73.35,17.9,4.55,3.13,10.26,0.45,9.89,6.86,507.05,86786.0,3983.0,0.353,0.506,0.806,0.667,0.648
Online,PENEDO,AL,1,22.83,6.47,71.42,25.1,6.53,15.87,36.82,0.55,17.82,12.2,339.15,60049.0,3943.0,0.407,0.536,0.774,0.602,0.63
Online,ITABAIANA,SE,1,21.79,4.85,73.03,15.52,6.17,6.98,21.91,0.52,14.17,9.78,443.39,86586.0,5369.0,0.369,0.513,0.801,0.645,0.642
Online,LAGARTO,SE,1,25.32,4.38,71.5,28.13,7.34,10.57,28.14,0.5,13.05,9.07,362.8,94431.0,6959.0,0.36,0.515,0.775,0.613,0.625
Online,ALAGOINHAS,BA,1,10.11,6.82,72.39,21.84,7.28,8.02,19.42,0.55,17.6,11.87,553.17,141312.0,10333.0,0.575,0.592,0.79,0.681,0.683
Online,BAIXA GRANDE,BA,1,25.56,2.2,71.49,23.1,9.37,24.43,45.3,0.53,15.15,12.11,243.98,19995.0,1880.0,0.28,0.471,0.775,0.549,0.585
Online,BARREIRAS,BA,1,10.33,8.23,73.43,18.1,4.29,5.52,16.27,0.56,18.07,11.94,602.82,136670.0,5895.0,0.596,0.668,0.807,0.695,0.721
Online,CARINHANHA,BA,1,25.91,1.48,70.77,25.1,6.54,24.67,47.47,0.51,13.97,10.26,209.51,28311.0,1855.0,0.356,0.477,0.763,0.525,0.576
Online,CONCEIÇÃO DO COITÉ,BA,1,19.84,2.96,70.14,27.0,7.92,15.15,32.42,0.48,12.22,8.93,309.61,61858.0,4911.0,0.359,0.517,0.752,0.587,0.611
Online,EUCLIDES DA CUNHA,BA,1,27.43,2.78,69.94,27.6,9.23,23.84,43.14,0.55,19.0,13.47,269.58,56047.0,5193.0,0.277,0.43,0.749,0.565,0.567
Online,EUNÁPOLIS,BA,1,14.8,6.62,72.46,20.5,5.72,5.21,17.93,0.57,18.97,12.27,575.44,99686.0,5731.0,0.499,0.572,0.791,0.687,0.677
Online,IPIAÚ,BA,1,19.91,4.67,72.74,19.8,8.37,12.52,29.68,0.69,34.88,19.9,573.36,44041.0,3717.0,0.434,0.551,0.796,0.687,0.67
Online,ITAMBÉ,BA,1,24.74,2.32,69.99,27.4,8.68,7.53,23.04,0.4,7.53,5.77,312.32,22939.0,2004.0,0.296,0.436,0.75,0.589,0.578
Online,JEQUIÉ,BA,1,15.88,6.97,72.42,21.76,8.31,7.88,22.48,0.55,17.13,11.37,473.92,150577.0,12626.0,0.49,0.568,0.79,0.656,0.665
Online,JUAZEIRO,BA,1,13.35,6.73,72.76,20.11,5.42,7.59,21.56,0.56,17.27,11.27,476.58,197031.0,10723.0,0.511,0.594,0.796,0.657,0.677
Online,PAULO AFONSO,BA,1,16.69,7.12,72.34,20.8,7.13,10.26,22.69,0.58,20.51,13.64,544.73,107558.0,7725.0,0.486,0.572,0.789,0.678,0.674
Online,SÃO DESIDÉRIO,BA,1,25.55,2.32,69.52,28.9,5.52,25.76,40.12,0.57,23.27,16.4,302.2,27073.0,1526.0,0.307,0.449,0.742,0.584,0.579
Online,ARAGUARI,MG,1,4.8,10.77,77.28,11.71,8.9,0.88,4.22,0.47,11.02,7.58,798.63,109297.0,9775.0,0.585,0.716,0.871,0.74,0.773
Online,CONSELHEIRO LAFAIETE,MG,1,3.54,11.49,76.62,14.12,7.64,1.12,5.95,0.49,12.12,8.31,781.59,116043.0,8905.0,0.603,0.697,0.86,0.736,0.761
Online,FORMIGA,MG,1,6.15,9.02,77.43,11.8,9.76,1.25,4.91,0.48,11.35,7.64,746.8,64484.0,6355.0,0.507,0.676,0.874,0.729,0.755
Online,GOVERNADOR VALADARES,MG,1,7.58,9.96,75.06,14.66,8.12,2.36,9.97,0.52,14.29,9.78,678.74,261663.0,21404.0,0.549,0.644,0.834,0.714,0.727
Online,LAVRAS,MG,1,4.14,16.49,77.8,11.4,8.33,0.62,4.35,0.5,12.78,8.99,889.65,91582.0,7680.0,0.618,0.719,0.88,0.757,0.782
Online,MUZAMBINHO,MG,1,6.16,10.52,76.51,13.1,10.15,1.23,5.16,0.46,10.35,7.34,719.94,20324.0,2073.0,0.51,0.652,0.859,0.723,0.74
Online,NOVA LIMA,MG,1,2.87,18.96,78.1,11.67,7.01,0.51,2.84,0.68,34.21,20.89,1731.84,80327.0,5674.0,0.66,0.704,0.885,0.864,0.813
Online,POUSO ALEGRE,MG,1,3.99,14.84,77.33,11.58,7.29,0.83,4.1,0.49,11.72,8.06,878.26,129577.0,9524.0,0.619,0.704,0.872,0.755,0.774
Online,SETE LAGOAS,MG,1,3.99,11.61,75.37,14.8,6.8,1.24,6.11,0.53,14.7,9.72,809.26,213087.0,14560.0,0.59,0.705,0.84,0.742,0.76
Online,VARGINHA,MG,1,4.65,15.54,77.49,12.21,7.17,0.39,3.83,0.51,13.34,9.04,904.57,122584.0,8827.0,0.629,0.707,0.875,0.76,0.778
Online,DOMINGOS MARTINS,ES,1,10.98,5.19,74.98,14.1,8.09,3.09,12.83,0.48,11.8,8.24,551.74,31784.0,2575.0,0.327,0.528,0.833,0.68,0.669
Online,SERRA,ES,1,5.55,7.52,75.66,13.2,4.51,1.57,6.1,0.47,10.92,7.84,705.89,407614.0,18441.0,0.614,0.664,0.844,0.72,0.739
Online,ITAPERUNA,RJ,1,7.62,10.69,75.24,12.66,9.51,1.35,6.57,0.47,10.78,7.66,688.83,94954.0,9118.0,0.536,0.649,0.837,0.716,0.73
Online,ITATIAIA,RJ,1,5.83,9.98,75.16,13.8,7.1,1.08,7.13,0.51,13.44,9.12,773.48,28639.0,2044.0,0.593,0.652,0.836,0.735,0.737
Online,MACAÉ,RJ,1,4.22,12.75,74.66,13.6,4.91,1.38,4.63,0.56,17.46,11.79,1103.42,206005.0,10153.0,0.678,0.681,0.828,0.792,0.764
Online,MAGÉ,RJ,1,5.86,4.89,74.91,13.34,7.22,4.55,12.19,0.49,11.89,8.25,567.59,226225.0,16420.0,0.545,0.626,0.832,0.685,0.709
Online,MARICÁ,RJ,1,4.53,13.28,75.99,12.02,8.44,1.47,4.88,0.49,12.23,8.79,910.41,127228.0,10756.0,0.655,0.692,0.85,0.761,0.765
Online,MIGUEL PEREIRA,RJ,1,6.8,10.49,74.68,14.5,11.79,2.26,7.89,0.55,16.32,10.83,801.63,24530.0,2905.0,0.561,0.675,0.828,0.74,0.745
Online,NOVA FRIBURGO,RJ,1,5.03,11.77,75.77,13.21,9.82,0.57,4.08,0.51,12.79,8.62,894.75,181153.0,17887.0,0.55,0.645,0.846,0.758,0.745
Online,PETRÓPOLIS,RJ,1,3.97,12.08,75.79,12.86,9.9,1.5,5.94,0.55,16.66,11.05,922.49,294326.0,29293.0,0.566,0.639,0.847,0.763,0.745
Online,TERESÓPOLIS,RJ,1,6.48,12.3,76.27,13.29,9.01,1.58,7.06,0.56,16.82,11.36,859.79,162971.0,14749.0,0.531,0.605,0.855,0.752,0.73
Online,ANDRADINA,SP,1,5.88,12.21,78.07,9.6,10.53,1.17,3.57,0.51,13.24,8.71,919.36,54242.0,5826.0,0.58,0.702,0.885,0.762,0.779
Online,ARTUR NOGUEIRA,SP,1,5.55,7.95,74.63,15.3,6.65,0.43,3.01,0.46,10.37,6.97,823.24,44074.0,2938.0,0.554,0.681,0.827,0.745,0.749
Online,ATIBAIA,SP,1,4.92,14.24,76.03,12.77,8.89,0.95,4.52,0.53,14.84,10.04,1063.52,125501.0,11260.0,0.58,0.67,0.851,0.786,0.765
Online,BOTUCATU,SP,1,4.11,18.8,77.13,10.8,9.36,0.74,3.3,0.54,15.48,10.31,1089.1,126813.0,11913.0,0.653,0.746,0.869,0.79,0.8
Online,CAJAMAR,SP,1,5.19,6.52,73.59,17.0,4.38,3.14,7.21,0.43,8.87,6.52,676.5,64040.0,2810.0,0.554,0.668,0.81,0.713,0.728
Online,CARAPICUÍBA,SP,1,4.36,7.21,75.52,14.0,4.9,1.77,6.12,0.46,10.25,7.24,712.78,368909.0,18093.0,0.6,0.693,0.842,0.721,0.749
Online,CARDOSO,SP,1,9.11,8.31,76.18,13.0,11.88,1.72,6.96,0.42,8.01,5.91,605.99,11762.0,1402.0,0.468,0.636,0.853,0.695,0.722
Online,COLÔMBIA,SP,1,9.95,4.32,73.13,17.8,7.22,1.35,5.04,0.4,7.59,5.59,582.53,5982.0,433.0,0.47,0.647,0.802,0.689,0.71
Online,ENGENHEIRO COELHO,SP,1,8.78,10.75,73.87,16.5,5.17,1.57,5.92,0.45,10.03,7.29,707.37,15658.0,813.0,0.516,0.668,0.815,0.72,0.732
Online,FERNANDÓPOLIS,SP,1,5.91,16.42,77.31,12.82,11.35,0.35,2.46,0.49,11.58,7.71,944.0,64444.0,7344.0,0.595,0.758,0.872,0.767,0.797
Online,HOLAMBRA,SP,1,5.42,17.0,77.66,10.1,5.85,1.7,2.86,0.54,15.03,10.23,1274.53,11254.0,661.0,0.583,0.698,0.878,0.815,0.793
Online,ITAPORANGA,SP,1,10.72,7.09,75.11,14.6,9.63,3.42,14.74,0.53,15.09,9.8,552.76,14423.0,1401.0,0.413,0.653,0.835,0.681,0.719
Online,JAÚ,SP,1,4.69,13.03,78.13,9.6,8.93,0.46,2.45,0.45,9.81,6.78,951.17,130260.0,11698.0,0.572,0.693,0.886,0.768,0.778
Online,LEME,SP,1,7.16,9.06,76.05,13.2,7.26,0.64,5.09,0.48,11.25,7.66,746.15,91255.0,6664.0,0.511,0.665,0.851,0.729,0.744
Online,LIMEIRA,SP,1,3.99,11.76,76.11,15.22,7.87,0.85,3.25,0.48,11.21,7.77,910.85,275032.0,21715.0,0.61,0.719,0.852,0.761,0.775
Online,OURINHOS,SP,1,4.97,14.41,76.53,11.5,9.04,0.68,3.75,0.5,12.6,8.6,868.91,102702.0,9315.0,0.601,0.727,0.859,0.753,0.778
Online,PARAGUAÇU PAULISTA,SP,1,6.72,10.27,75.18,14.5,8.74,1.54,6.39,0.45,10.09,7.11,694.42,40879.0,3694.0,0.577,0.739,0.836,0.717,0.762
Online,PENÁPOLIS,SP,1,5.47,12.89,76.55,12.43,10.62,0.43,3.38,0.47,10.49,7.26,840.16,58257.0,6215.0,0.581,0.68,0.859,0.748,0.759
Online,PERUÍBE,SP,1,6.05,10.29,76.24,12.9,10.38,2.68,9.3,0.53,15.13,10.29,753.85,59434.0,6205.0,0.576,0.675,0.854,0.73,0.749
Online,REGISTRO,SP,1,5.58,13.31,76.08,13.1,8.41,1.74,10.24,0.52,14.41,10.03,699.41,54129.0,4566.0,0.572,0.702,0.851,0.718,0.754
Online,SÃO JOSÉ DO RIO PARDO,SP,1,4.79,12.67,77.05,10.9,10.19,0.8,5.27,0.49,11.79,7.89,818.61,51528.0,5287.0,0.563,0.717,0.868,0.744,0.774
Online,SOCORRO,SP,1,6.84,9.11,74.66,15.3,11.9,0.88,5.84,0.44,9.35,6.56,785.71,36547.0,4364.0,0.462,0.634,0.828,0.737,0.729
Online,TANABI,SP,1,7.02,9.06,74.73,15.1,11.25,0.8,3.33,0.42,8.4,5.87,775.79,23991.0,2707.0,0.507,0.687,0.829,0.735,0.748
Online,TAUBATÉ,SP,1,3.04,16.76,77.98,10.12,7.62,0.84,3.75,0.51,13.08,9.13,1011.95,276215.0,21231.0,0.682,0.746,0.883,0.778,0.8
Online,TUPÃ,SP,1,6.94,16.66,76.1,14.21,12.53,1.07,4.98,0.54,15.35,9.91,926.96,62563.0,7954.0,0.587,0.704,0.852,0.764,0.771
Online,APUCARANA,PR,1,5.9,11.53,75.71,12.56,8.41,0.45,3.09,0.45,9.37,6.74,804.81,120486.0,10166.0,0.548,0.668,0.845,0.741,0.748
Online,ASSIS CHATEAUBRIAND,PR,1,8.14,9.31,76.4,10.9,10.65,1.73,6.34,0.47,10.83,7.45,676.1,32901.0,3516.0,0.467,0.633,0.857,0.713,0.729
Online,CAFELÂNDIA,PR,1,4.42,12.24,75.11,12.6,5.57,0.4,2.7,0.41,8.02,5.75,721.38,14625.0,817.0,0.557,0.692,0.835,0.723,0.748
Online,CIANORTE,PR,1,5.58,11.03,75.45,12.1,7.95,0.58,2.13,0.41,7.86,5.74,837.13,69698.0,5561.0,0.549,0.685,0.841,0.747,0.755
Online,GENERAL CARNEIRO,PR,1,9.87,3.95,73.95,14.2,6.05,4.83,20.0,0.48,11.46,8.09,423.27,13658.0,827.0,0.374,0.532,0.816,0.638,0.652
Online,GUAÍRA,PR,1,9.5,11.88,75.17,12.5,8.23,3.47,11.7,0.57,18.44,12.04,795.84,30447.0,2526.0,0.482,0.615,0.836,0.739,0.724
Online,JACAREZINHO,PR,1,9.04,13.53,75.61,11.9,8.29,1.14,6.0,0.53,14.63,9.69,770.55,38787.0,3245.0,0.576,0.663,0.844,0.734,0.743
Online,LAPA,PR,1,5.67,6.53,75.9,11.6,7.42,3.68,10.59,0.49,11.98,8.44,608.6,44798.0,3332.0,0.448,0.595,0.848,0.696,0.706
Online,MANGUEIRINHA,PR,1,9.47,7.57,73.67,14.6,6.42,6.13,16.79,0.57,18.63,11.89,605.97,16989.0,1095.0,0.435,0.579,0.811,0.695,0.688
Online,MEDIANEIRA,PR,1,5.42,12.7,75.96,11.5,7.05,0.87,3.93,0.49,11.72,7.99,914.67,41568.0,2949.0,0.546,0.686,0.849,0.762,0.763
Online,PALOTINA,PR,1,5.82,15.28,76.85,10.4,8.09,0.98,2.85,0.47,10.8,7.8,904.85,28550.0,2321.0,0.569,0.689,0.864,0.76,0.768
Online,PARANAVAÍ,PR,1,7.0,13.31,75.62,11.9,9.33,0.97,3.79,0.48,10.98,7.67,852.66,81023.0,7615.0,0.575,0.703,0.844,0.75,0.763
Online,PATO BRANCO,PR,1,4.33,15.92,75.72,11.8,6.42,1.57,3.71,0.51,12.87,9.04,1013.22,71860.0,4647.0,0.627,0.728,0.845,0.778,0.782
Online,SANTO ANTÔNIO DA PLATINA,PR,1,9.75,10.44,74.03,14.0,8.64,1.4,8.2,0.54,15.5,10.0,765.04,42461.0,3688.0,0.515,0.617,0.817,0.733,0.718
Online,UNIÃO DA VITÓRIA,PR,1,4.04,12.54,75.2,13.3,7.79,2.04,9.46,0.48,11.49,8.09,674.29,52491.0,4108.0,0.562,0.68,0.837,0.713,0.74
Online,WENCESLAU BRAZ,PR,1,10.96,6.41,72.42,16.4,9.24,3.76,13.24,0.52,14.55,9.88,594.42,19117.0,1783.0,0.436,0.594,0.79,0.692,0.687
Online,BIGUAÇU,SC,1,4.61,7.21,75.17,13.3,5.63,0.5,2.64,0.39,6.93,5.28,764.37,58014.0,3275.0,0.58,0.659,0.836,0.733,0.739
Online,BLUMENAU,SC,1,1.77,15.49,78.64,8.55,6.3,0.12,1.02,0.46,10.27,6.99,1253.17,306393.0,19478.0,0.659,0.722,0.894,0.812,0.806
Online,BRAÇO DO NORTE,SC,1,3.54,9.58,77.83,9.9,5.82,0.21,1.77,0.41,7.77,5.6,831.77,28879.0,1690.0,0.59,0.716,0.881,0.746,0.778
Online,BRUSQUE,SC,1,2.68,10.94,78.64,8.55,5.81,0.29,0.89,0.4,7.51,5.39,1116.93,104887.0,6134.0,0.591,0.707,0.894,0.794,0.795
Online,CONCÓRDIA,SC,1,4.2,12.59,77.33,10.5,8.16,0.9,2.68,0.46,9.98,6.86,1009.49,68285.0,5597.0,0.599,0.756,0.872,0.777,0.8
Online,CURITIBANOS,SC,1,7.95,10.35,75.78,12.5,7.42,1.72,10.47,0.51,13.27,9.03,687.47,37460.0,2802.0,0.493,0.62,0.846,0.716,0.721
Online,DIONÍSIO CERQUEIRA,SC,1,10.18,7.52,74.17,14.8,8.85,5.21,15.17,0.53,15.56,10.83,636.41,14753.0,1311.0,0.41,0.61,0.82,0.703,0.706
Online,GASPAR,SC,1,2.45,8.92,78.34,9.3,5.4,0.61,1.24,0.37,6.4,4.81,964.36,57615.0,3130.0,0.558,0.655,0.889,0.77,0.765
Online,IMBITUBA,SC,1,5.88,10.38,77.09,10.8,8.55,0.88,5.08,0.45,9.5,6.64,768.81,39714.0,3433.0,0.592,0.703,0.868,0.734,0.765
Online,ITAPEMA,SC,1,2.8,15.16,77.86,9.9,6.15,0.66,2.7,0.49,12.69,8.33,1078.48,45573.0,2815.0,0.656,0.727,0.881,0.788,0.796
Online,ITUPORANGA,SC,1,4.62,9.9,77.58,10.2,6.94,0.46,3.94,0.43,8.48,6.14,844.05,22157.0,1544.0,0.458,0.638,0.876,0.749,0.748
Online,JAGUARUNA,SC,1,6.49,6.17,74.8,13.8,9.03,0.45,3.32,0.39,6.99,5.12,701.05,17280.0,1561.0,0.446,0.628,0.83,0.719,0.721
Online,JOAÇABA,SC,1,3.17,20.13,78.44,9.2,8.31,0.43,2.61,0.54,15.55,10.32,1338.5,26807.0,2246.0,0.674,0.771,0.891,0.823,0.827
Online,LAURO MULLER,SC,1,4.86,6.61,74.32,14.6,7.25,0.55,3.13,0.37,6.4,4.97,678.67,14319.0,1041.0,0.532,0.677,0.822,0.714,0.735
Online,MAFRA,SC,1,3.45,9.65,77.82,10.0,7.56,1.46,5.4,0.49,11.64,8.03,789.53,52665.0,4001.0,0.562,0.723,0.88,0.738,0.777
Online,NOVA VENEZA,SC,1,3.33,8.68,77.14,10.8,7.02,0.15,1.32,0.39,7.26,5.13,805.79,13188.0,934.0,0.513,0.703,0.869,0.741,0.768
Online,OTACÍLIO COSTA,SC,1,6.63,7.83,75.12,13.4,6.35,1.48,5.74,0.4,7.62,5.73,677.67,16311.0,1037.0,0.531,0.681,0.835,0.713,0.74
Online,PALMITOS,SC,1,6.89,7.6,75.13,13.4,10.22,1.59,4.37,0.46,10.54,7.43,887.5,15987.0,1637.0,0.435,0.632,0.836,0.757,0.737
Online,PAPANDUVA,SC,1,6.77,5.33,75.17,13.3,6.99,3.58,10.8,0.47,11.31,7.96,589.35,17882.0,1254.0,0.394,0.603,0.836,0.691,0.704
Online,PIRATUBA,SC,1,5.4,8.44,74.72,14.0,10.8,0.71,2.76,0.43,8.65,6.27,779.57,4773.0,517.0,0.485,0.714,0.829,0.736,0.758
Online,PRESIDENTE GETÚLIO,SC,1,3.06,7.29,77.44,10.4,8.62,0.39,2.58,0.41,7.92,5.5,928.86,14808.0,1284.0,0.474,0.654,0.874,0.764,0.759
Online,RIO DO CAMPO,SC,1,5.79,5.24,73.18,16.3,7.46,1.63,5.92,0.5,12.73,8.32,803.46,6186.0,462.0,0.441,0.65,0.803,0.741,0.729
Online,RIO DO SUL,SC,1,2.81,14.77,78.61,9.0,7.33,0.61,2.03,0.45,9.64,6.72,1114.31,60758.0,4484.0,0.612,0.727,0.894,0.793,0.802
Online,RIO NEGRINHO,SC,1,3.84,7.69,75.89,12.4,5.74,0.31,5.02,0.44,9.37,6.59,664.58,39723.0,2288.0,0.537,0.668,0.848,0.71,0.738
Online,RODEIO,SC,1,3.75,5.38,78.34,9.3,9.29,,1.64,0.42,8.57,5.82,958.15,10871.0,1015.0,0.447,0.626,0.889,0.769,0.754
Online,SÃO BENTO DO SUL,SC,1,2.42,12.26,77.25,10.6,5.55,0.71,2.97,0.49,11.94,7.84,923.29,74503.0,4153.0,0.634,0.719,0.871,0.763,0.782
Online,SÃO JOÃO DO OESTE,SC,1,1.05,5.27,77.35,10.5,10.04,,1.4,0.4,7.45,5.6,881.09,6027.0,606.0,0.465,0.668,0.873,0.756,0.761
Online,SÃO JOAQUIM,SC,1,5.84,7.58,74.01,15.0,7.83,0.85,7.66,0.48,11.29,7.92,641.75,24778.0,1942.0,0.457,0.562,0.817,0.705,0.687
Online,TIJUCAS,SC,1,5.85,7.93,77.39,10.5,6.61,1.22,3.81,0.41,7.71,5.81,835.48,30700.0,2048.0,0.551,0.672,0.873,0.747,0.76
Online,BAGÉ,RS,1,4.93,11.81,75.86,11.57,10.2,3.14,8.96,0.56,17.61,11.59,795.56,116108.0,11912.0,0.585,0.647,0.848,0.739,0.74
Online,CACHOEIRA DO SUL,RS,1,7.49,11.12,76.22,8.49,12.09,2.93,9.04,0.54,15.64,10.56,793.67,83072.0,10132.0,0.539,0.648,0.854,0.739,0.742
Online,GRAVATAÍ,RS,1,3.2,5.64,76.74,11.3,6.61,1.54,5.39,0.44,9.18,6.64,737.29,254991.0,16891.0,0.611,0.636,0.862,0.727,0.736
Online,IVOTI,RS,1,1.88,8.29,75.88,11.6,6.84,0.1,0.95,0.44,9.34,6.61,1025.02,19764.0,1359.0,0.606,0.729,0.848,0.78,0.784
Online,MONTENEGRO,RS,1,3.75,9.74,76.94,11.0,8.32,0.82,4.87,0.5,12.53,8.66,914.23,58537.0,4943.0,0.575,0.654,0.866,0.761,0.755
Online,SANTA ROSA,RS,1,3.75,11.99,77.25,9.53,8.43,0.55,3.98,0.47,10.54,7.5,863.61,68021.0,5783.0,0.597,0.693,0.871,0.752,0.769
Online,SÃO LEOPOLDO,RS,1,3.17,10.5,76.65,10.09,6.69,1.62,5.96,0.53,14.7,9.98,939.93,213161.0,14321.0,0.599,0.612,0.861,0.766,0.739
Online,SOLEDADE,RS,1,8.9,9.78,76.66,10.6,9.53,3.07,9.13,0.52,14.75,9.88,737.92,29754.0,2863.0,0.509,0.625,0.861,0.727,0.731
Online,VERANÓPOLIS,RS,1,2.8,11.63,75.29,12.4,10.65,,1.96,0.47,11.15,7.63,1141.67,22683.0,2429.0,0.556,0.692,0.838,0.797,0.773
Online,AQUIDAUANA,MS,1,8.53,10.05,75.39,17.1,8.13,6.86,17.36,0.56,17.73,12.01,585.62,45168.0,3708.0,0.469,0.562,0.84,0.69,0.688
Online,ARAL MOREIRA,MS,1,14.28,5.13,72.9,21.7,5.11,11.89,26.82,0.53,14.87,10.28,398.5,10182.0,524.0,0.353,0.507,0.798,0.628,0.633
Online,BATAGUASSU,MS,1,10.27,7.22,75.8,16.4,5.7,2.13,8.09,0.47,11.19,7.61,614.34,19684.0,1131.0,0.467,0.606,0.847,0.698,0.71
Online,CASSILÂNDIA,MS,1,11.54,12.32,73.63,20.3,10.32,1.2,3.87,0.54,15.32,9.64,885.1,20708.0,2164.0,0.462,0.627,0.811,0.756,0.727
Online,RIBAS DO RIO PARDO,MS,1,10.35,7.31,74.82,18.1,3.86,3.51,9.84,0.47,11.05,7.9,552.58,20451.0,808.0,0.39,0.519,0.83,0.681,0.664
Online,RIO VERDE DE MATO GROSSO,MS,1,11.84,6.62,76.11,15.9,7.77,3.06,8.7,0.46,10.09,7.04,570.74,18706.0,1467.0,0.373,0.521,0.852,0.686,0.673
Online,SÃO GABRIEL DO OESTE,MS,1,5.72,9.78,76.01,16.1,4.68,1.58,4.91,0.54,15.03,9.8,855.21,22010.0,1040.0,0.511,0.608,0.85,0.751,0.729
Online,ALTA FLORESTA,MT,1,8.88,8.03,73.99,17.0,5.45,1.86,5.77,0.48,11.32,8.02,660.84,48593.0,2678.0,0.496,0.629,0.817,0.709,0.714
Online,JACIARA,MT,1,10.03,10.35,74.96,15.4,6.02,3.2,8.84,0.51,13.83,9.41,742.81,25453.0,1543.0,0.511,0.655,0.833,0.728,0.735
Online,NOVA XAVANTINA,MT,1,10.75,7.37,73.0,18.6,6.55,2.64,11.07,0.53,15.05,9.96,674.44,19508.0,1286.0,0.468,0.613,0.8,0.713,0.704
Online,POCONÉ,MT,1,17.86,6.31,73.36,18.0,7.43,9.42,21.09,0.52,14.62,10.05,436.83,31559.0,2360.0,0.405,0.534,0.806,0.643,0.652
Online,TANGARÁ DA SERRA,MT,1,8.12,10.12,74.47,16.2,4.94,2.25,6.52,0.55,16.22,10.69,846.59,82699.0,4118.0,0.522,0.626,0.825,0.749,0.729
Online,ÁGUAS LINDAS DE GOIÁS,GO,1,7.01,1.97,75.85,11.62,2.31,3.17,11.6,0.43,8.57,6.22,449.38,158508.0,3674.0,0.488,0.588,0.848,0.647,0.686
Online,ALTO PARAÍSO DE GOIÁS,GO,1,11.16,11.44,74.16,14.3,5.32,5.27,17.22,0.65,28.43,17.19,719.11,6782.0,366.0,0.533,0.611,0.819,0.723,0.713
Online,CABECEIRAS,GO,1,13.02,6.49,74.15,14.4,5.89,5.79,20.1,0.48,11.66,8.36,420.47,7334.0,433.0,0.414,0.571,0.819,0.637,0.668
Online,CALDAS NOVAS,GO,1,5.57,9.87,74.89,14.9,6.07,1.03,4.62,0.49,11.96,8.28,794.78,69852.0,4278.0,0.573,0.64,0.832,0.739,0.733
Online,CERES,GO,1,7.59,11.17,75.49,12.81,8.39,0.71,4.43,0.53,14.16,9.16,865.23,20620.0,1738.0,0.585,0.733,0.842,0.753,0.775
Online,FORMOSA,GO,1,8.61,12.07,76.14,10.26,5.16,4.1,12.16,0.56,17.68,12.04,732.24,98932.0,5165.0,0.561,0.666,0.852,0.726,0.744
Online,FORMOSO,GO,1,13.13,6.85,75.03,13.1,9.73,5.59,17.98,0.55,17.28,11.42,569.96,4848.0,475.0,0.478,0.639,0.834,0.686,0.715
Online,JATAÍ,GO,1,7.14,10.67,76.35,11.75,7.3,0.91,3.82,0.55,16.23,10.38,987.04,87041.0,6426.0,0.542,0.656,0.856,0.774,0.757
Online,NOVA GLÓRIA,GO,1,15.17,4.2,73.94,14.7,12.05,3.87,14.49,0.47,11.12,7.73,476.52,8467.0,1025.0,0.374,0.589,0.816,0.657,0.681
Online,SENADOR CANEDO,GO,1,6.54,4.47,74.59,13.7,3.81,1.59,7.63,0.43,8.56,6.25,537.58,84279.0,3221.0,0.538,0.617,0.827,0.676,0.701
